tweetid,sentiment
169760,2
35326,0
224985,1
476263,1
872928,0
75639,1
211536,1
569434,1
315368,1
591733,1
91983,0
67249,1
143459,1
663535,2
20476,0
815297,0
274098,1
30045,1
681487,1
708966,2
393689,-1
186705,2
233977,2
525794,1
863649,0
315964,0
588985,0
669979,0
137059,2
556915,0
951973,1
72939,1
205796,0
478581,-1
453375,2
555551,1
219030,0
546209,2
416919,1
433824,2
621526,2
616108,2
70943,1
153248,2
854719,1
616444,1
118418,1
846132,-1
443106,-1
758958,2
376412,2
667731,1
222107,1
349545,2
284026,2
564727,0
522979,1
460970,1
371750,1
251299,-1
485211,1
502976,1
623282,0
217605,1
225330,0
58854,-1
723671,2
366409,0
704565,1
655925,-1
717618,0
922449,2
729885,2
599133,1
89885,-1
249039,1
440750,1
18663,0
314549,2
643414,2
61835,-1
659073,1
178597,1
152298,1
581943,-1
781913,-1
336886,1
624852,-1
655116,1
5591,1
731620,1
872882,0
320393,1
353463,0
816508,-1
636325,-1
53058,2
725589,1
693559,1
66255,1
218797,2
307092,-1
188557,-1
137392,-1
597086,1
96006,0
330509,-1
78639,2
536231,1
304814,1
553696,1
455898,0
745466,2
846719,2
722710,0
989172,2
492079,0
315869,1
32675,1
959684,-1
641938,2
933443,1
458401,-1
554994,1
461467,2
902353,0
178794,1
387356,1
380276,1
824355,1
685606,1
85488,0
50608,1
447977,1
943930,1
183083,1
359626,2
810128,1
380913,0
516209,1
993538,1
594772,2
22428,2
991876,0
504172,0
283272,1
914599,0
752129,1
701957,0
858489,0
221704,2
409406,-1
468372,0
818509,1
204729,1
394896,0
397593,0
465474,2
450344,2
502719,0
816499,0
291002,1
301225,2
402773,-1
81233,0
642569,1
900041,1
67900,-1
237131,0
311030,1
975455,2
69232,0
156024,0
268543,2
586693,-1
709157,1
582003,0
689136,1
953619,1
971710,1
809619,1
595597,-1
274499,2
771063,2
597739,2
110053,0
723442,0
881554,0
704923,2
822018,1
505322,2
120776,1
404757,1
811053,2
317696,0
734766,0
841196,0
400682,0
649511,2
740566,1
798359,0
861578,1
5417,2
609894,0
174874,2
227482,2
316886,1
112798,2
44507,0
444423,1
878768,1
951095,2
970445,0
208227,1
545402,-1
498559,1
454769,-1
490905,1
343981,1
891649,1
794296,2
669149,1
104997,2
54711,1
756770,1
632633,2
882503,1
604089,2
37591,-1
304290,2
167356,0
398680,1
268980,2
485450,0
246743,1
83632,1
804653,1
614272,1
699619,0
128361,2
617614,1
756863,-1
550624,2
971913,0
597102,1
468901,1
512603,0
869,1
135515,0
471002,-1
76054,0
835455,0
593722,1
209903,2
311687,1
38624,1
140169,2
50739,1
134179,0
368885,0
955073,1
642519,0
849811,1
377434,1
61946,-1
128149,-1
545779,2
145812,1
839220,2
23630,2
631635,1
659284,-1
636800,-1
246233,0
224961,2
227170,1
24500,0
444613,1
173797,1
183700,1
305251,2
487336,0
521403,2
741971,1
171732,1
354162,2
572875,1
337961,2
39327,2
666488,1
686787,1
248289,1
644357,2
106812,2
492300,-1
929522,2
827492,0
92888,0
748860,1
544547,1
970736,0
805808,0
320551,1
210944,1
109631,2
251292,1
170364,1
948426,0
780776,0
693604,1
799998,2
373943,0
593149,1
264289,-1
479344,0
820909,1
492817,1
831733,1
405413,2
685176,0
982870,0
92655,1
929710,1
365298,1
597644,2
908494,1
532450,2
431470,1
261786,1
126953,0
157454,2
911863,-1
968491,1
341684,1
868000,1
937870,2
196243,-1
749947,-1
10201,1
861465,2
418775,2
561942,0
61831,2
224428,1
470738,1
694377,-1
557591,0
504856,1
988980,2
811937,2
78955,1
166783,1
2520,1
268418,1
911873,1
380946,0
841067,-1
760341,0
872864,1
833511,1
795400,1
947288,2
97754,1
848402,0
77036,2
280663,1
654324,0
105628,-1
227665,1
169839,-1
334216,-1
502105,0
174279,2
193681,1
457324,1
562231,1
254480,1
432635,1
916814,1
217862,-1
454694,1
512554,2
249736,-1
979904,1
841942,0
141852,2
279014,2
511552,-1
502057,0
822243,0
586976,2
870627,1
809260,1
258979,1
342572,1
833715,2
63205,0
327,1
286773,2
831328,2
265516,0
988076,1
92963,0
813089,1
372840,2
460869,2
700900,2
54421,-1
83811,1
932229,1
14731,0
416245,0
91717,1
37782,1
168950,1
791767,2
612474,1
863569,1
833620,1
831050,0
327186,2
70954,1
744906,2
410805,1
321290,1
560166,0
199999,-1
520958,-1
486093,2
433768,0
170942,0
97769,1
574580,-1
427983,2
536786,1
64572,-1
932658,0
875904,0
388184,1
448406,0
280094,1
196585,2
297123,2
583405,1
749358,2
8540,1
92130,-1
682459,-1
493774,1
81514,1
937131,2
683822,2
181932,0
185061,1
718905,0
467768,1
50360,1
37282,-1
324725,0
587613,-1
759085,-1
995304,0
62430,2
959472,2
134816,1
443799,1
84144,2
626595,0
382192,1
249680,1
209100,-1
505060,2
510212,-1
454150,1
900706,2
355447,1
415557,1
431394,1
796461,2
551013,-1
71926,2
260753,1
883406,0
973790,2
673020,1
573493,0
850799,1
596499,0
430720,1
970612,1
645141,1
122672,0
572212,1
590281,0
185082,-1
643999,1
276142,0
522428,2
242869,1
859835,2
179238,2
830861,2
659715,1
742214,1
44768,1
156753,1
689726,1
659825,0
805236,1
484743,2
843791,1
401342,1
268165,1
450971,-1
969588,2
493909,0
775367,1
102955,2
356595,0
860992,2
478186,2
235851,-1
859554,0
383555,1
568803,0
522415,-1
493050,1
568528,1
371027,2
554560,1
969599,1
70097,1
898167,1
483103,1
773089,1
436540,1
214657,0
824653,2
132616,1
962166,2
357327,1
183595,1
338190,0
821753,1
782634,2
355771,1
102889,-1
335544,2
417438,1
99418,0
774033,-1
151834,2
573075,2
675187,0
488287,1
317596,2
848773,0
177318,-1
743728,1
166017,1
668192,1
242646,2
572824,1
516374,1
569974,2
368987,2
35989,-1
439267,1
425036,1
978741,1
161511,2
158819,1
225262,1
398562,0
940439,-1
657384,1
348631,1
950221,0
390207,1
633050,0
45603,1
892219,2
763551,0
219247,0
78219,-1
106376,-1
664990,1
61204,1
444521,2
162744,1
10394,-1
107336,0
400960,1
157258,2
762553,1
398197,1
513701,2
450710,-1
192494,0
376697,2
466375,0
600809,0
337306,1
597597,1
282282,0
619747,0
848426,0
468720,0
954154,0
544640,0
192358,1
768797,1
817583,1
864589,1
104220,-1
725297,1
973859,1
942269,2
145192,1
965827,2
861437,0
296887,1
817495,0
273994,0
799474,-1
177872,1
532392,2
770417,1
706812,1
193396,1
863034,2
967152,-1
948038,-1
608126,0
412897,1
970466,-1
604868,2
94532,1
820173,0
833762,2
604371,1
961064,1
419528,1
79982,0
564369,1
489017,1
887262,1
402712,-1
963864,2
854765,0
331759,1
26332,-1
238943,1
431614,1
329434,1
680680,1
39578,-1
670432,2
371166,1
686203,2
118985,1
263823,1
275604,2
390449,0
553573,2
159171,2
172630,2
867879,-1
555667,1
107607,2
671813,1
29467,2
424298,2
247885,0
66440,1
794065,-1
383354,1
73974,0
597362,1
873587,0
755011,2
736998,1
117248,1
692018,1
813376,1
834684,2
546314,2
876985,1
207998,1
110340,0
715656,0
88611,1
716533,1
269830,1
661339,1
96822,-1
101833,2
548873,2
432375,1
963943,0
105738,1
814952,1
933283,1
476266,2
713154,2
729178,2
739461,1
46459,0
564711,2
9295,1
89381,2
997108,2
434160,1
632113,0
349480,0
981685,2
891296,1
795819,-1
22856,2
176472,1
760306,2
364909,2
593804,1
307467,1
610642,-1
129662,0
569359,2
561862,-1
423167,2
840583,1
683275,-1
190548,1
958471,1
740052,0
631040,-1
976028,1
990527,1
58802,0
406698,1
166458,1
758638,2
864544,-1
937863,1
839640,1
43118,1
554437,0
24114,0
594987,1
2994,1
983985,1
738824,1
578675,1
246789,0
459925,2
723464,2
939557,0
962770,-1
432283,1
295172,0
354011,2
917171,1
368282,0
799357,0
218943,2
354686,1
180377,-1
979574,2
457365,2
855074,1
527673,1
785117,0
973760,1
928581,0
56229,-1
489025,0
43190,-1
563462,2
972585,1
593576,1
327139,1
615819,1
538945,2
967095,1
993681,0
568295,0
969003,1
644408,1
956047,2
525657,1
56665,1
617655,2
838447,1
931195,1
577981,2
870874,1
480174,1
695290,0
645362,2
475332,2
78586,-1
792010,2
600177,0
579760,1
733217,1
130633,1
246139,0
83570,2
233932,1
65704,1
720328,1
182815,0
992508,0
582996,0
712952,2
217793,0
960416,1
387077,1
62147,-1
158157,0
16196,0
211659,1
368185,-1
681044,2
368951,0
200078,1
947641,1
591630,0
60500,0
257401,0
478713,2
735450,-1
633125,1
610055,1
632978,2
365076,2
875539,0
758419,0
709088,1
768261,1
209509,2
127305,-1
121053,0
19558,0
801712,1
837454,-1
541857,1
11629,2
10359,1
66175,0
23284,2
211731,0
32828,2
300306,0
798465,1
429350,1
96211,1
287991,-1
580986,1
782530,1
446353,1
404665,1
971456,1
503290,0
675704,1
225076,2
593471,-1
481167,0
161297,0
270003,-1
411180,2
271499,1
672109,2
602150,1
575468,1
181408,-1
161726,1
977902,1
788232,0
725006,1
722658,1
600224,2
793349,-1
451620,2
424135,1
88627,1
806009,-1
192064,1
685562,0
284646,1
715307,1
883501,2
842439,1
33587,-1
730304,0
87268,2
494947,0
557924,-1
351002,1
361958,2
624214,0
513910,-1
506543,1
778056,0
357156,1
370081,1
880261,1
509403,-1
580774,-1
837095,2
560337,1
132783,1
304998,2
819879,1
849455,0
346200,0
625746,1
677462,1
107732,1
277516,1
119700,1
219147,0
773453,0
813113,0
121431,1
258442,1
15784,2
491379,1
767093,1
508244,2
711697,1
78517,1
592053,2
723025,1
310230,2
751878,2
617843,0
265859,1
410288,2
708448,0
254072,0
791956,1
515974,1
972791,1
330960,0
126876,1
316154,1
179087,-1
586916,-1
70846,0
752225,2
404604,1
836527,0
678059,0
333311,2
74980,-1
477908,2
506657,0
980875,0
805679,0
193548,1
818493,-1
625918,1
215713,-1
126166,1
709380,-1
570628,1
898663,2
103967,0
934788,1
327499,1
953095,1
592527,2
488806,1
531595,1
899135,2
661210,0
311285,2
956537,0
536614,1
518252,2
101697,1
136250,2
571656,1
614530,0
506382,1
990558,2
414640,2
757228,1
741160,1
80801,1
14077,0
44115,1
782491,-1
141116,1
758470,1
111565,2
108937,0
333960,1
495632,1
855633,1
387274,0
944823,2
676644,0
674904,2
706197,2
751823,2
534701,2
776680,2
856934,2
838992,0
73072,0
592976,0
120301,1
477557,1
331101,0
587789,1
106773,2
714124,1
772086,2
656418,2
372287,1
481477,-1
938734,2
922926,2
339447,-1
325978,1
42066,0
382638,1
16052,1
450371,-1
450653,2
299753,1
643564,1
975417,0
890333,2
759258,1
82004,2
187640,1
790339,2
760264,-1
34404,1
387284,2
111495,1
263613,0
811478,1
615025,0
709431,0
815398,0
429819,0
55201,1
918786,2
505250,0
811168,1
616510,1
810332,2
778191,0
644140,1
614087,-1
350693,1
224411,-1
187760,1
673695,1
624957,-1
682615,1
674916,2
404402,1
53072,2
48112,1
785837,1
184816,0
230210,1
915999,0
376465,0
194186,0
106745,1
992715,2
274295,2
841614,-1
855159,1
369248,1
400854,2
232119,1
770087,2
61801,1
582837,2
696188,1
710747,1
943396,0
943553,1
957958,0
170910,0
680524,1
565587,1
749902,2
748072,-1
937512,1
130999,-1
342929,1
406526,1
281624,2
111021,1
898463,1
920547,2
300268,2
6377,1
150851,2
836682,2
975094,0
303263,1
469044,2
826563,0
879918,1
803773,2
535044,1
129239,-1
123544,0
955118,2
763466,1
302824,1
970253,1
536636,1
225644,1
901410,2
976357,-1
276425,2
698782,1
476182,1
560795,1
734099,1
874279,1
528799,1
844516,0
42001,1
729333,1
910929,2
436637,-1
539943,1
158515,2
913083,1
196246,0
312900,2
247152,1
621919,1
72893,1
989727,-1
828411,0
231642,0
294532,1
322655,2
238643,1
226893,-1
22945,1
667052,0
330901,0
893735,1
844155,2
598545,1
792602,2
81394,1
79720,1
450891,1
689110,1
603282,1
151774,1
427833,0
514030,1
450842,-1
663940,1
289537,1
93580,0
999485,1
16012,1
602434,2
128526,0
567878,2
311040,0
397558,1
659249,2
732039,-1
257083,1
653366,2
764741,1
240417,2
941193,1
249928,0
355194,2
466127,1
986184,1
194736,2
193995,1
630191,2
467505,0
385475,-1
537515,0
689188,2
629787,1
125791,1
873126,1
634159,1
5824,-1
626130,1
710596,0
739055,1
584269,0
930286,2
803604,2
902313,-1
365571,1
418391,1
260874,2
53754,1
406691,1
958946,-1
135258,-1
349414,1
988959,-1
954431,1
985836,1
698510,2
509363,2
625498,1
896827,1
393734,-1
326465,1
856169,0
404748,1
330862,-1
455496,1
571982,1
298506,1
98423,1
660483,1
219919,2
967026,1
640859,-1
574291,0
673739,0
490703,1
811513,2
357267,0
366205,1
47116,1
41555,1
666135,-1
997640,2
381416,2
168327,1
492253,2
422735,2
667117,1
202823,1
10908,-1
366599,1
394665,2
734589,2
210821,0
191243,1
435686,2
7931,0
331666,2
998608,1
598170,1
981822,1
349039,-1
131708,1
440962,1
719287,1
866736,2
793383,-1
486705,2
206701,1
812095,2
813429,1
300273,1
246003,0
357693,-1
127689,2
554542,1
713892,1
855661,2
413022,1
204680,1
865502,1
70808,2
542694,2
521642,0
90760,1
599952,1
116224,-1
781730,1
222272,1
520111,1
470642,1
241795,0
585620,-1
969978,2
800466,2
665096,1
59084,-1
813349,1
312981,1
965523,2
921337,0
791417,1
472174,1
514550,1
418510,-1
344814,2
555242,-1
603943,1
996818,1
518736,1
194144,0
548422,0
781735,1
90786,1
3051,1
402995,1
224269,1
891634,1
661409,-1
776823,0
773037,2
716592,2
709740,1
230435,2
105775,-1
277235,1
323839,1
485009,2
991522,0
421384,1
407930,1
499185,1
634042,2
281534,-1
29564,1
777475,1
73475,-1
924278,2
945887,1
133825,1
750622,1
340947,2
477970,0
841038,0
331429,-1
861934,2
117689,2
231985,1
452498,0
147151,-1
402278,2
515529,1
816064,0
320416,0
674363,1
45153,0
294203,2
69149,-1
892557,2
714218,0
374533,2
799765,1
406896,0
493645,-1
77622,-1
351139,1
598383,2
437099,-1
811260,0
289021,1
411748,2
834122,0
531633,2
138830,2
855031,1
621398,0
591179,-1
665535,-1
625048,2
395927,0
819363,0
226513,2
230277,0
217668,2
646356,-1
585846,-1
320140,1
7769,2
128883,-1
930716,1
52091,2
865029,1
678269,2
646896,2
151820,1
126071,-1
390635,0
846830,2
903429,1
552575,1
51238,1
398685,0
442076,1
245264,1
1847,1
800950,-1
236737,2
371083,2
288557,-1
645411,0
582358,-1
105065,1
105707,-1
487304,0
966654,0
367823,1
649275,1
29185,2
172119,0
685650,2
173254,1
287735,-1
97811,1
838235,2
254835,1
318905,-1
259043,2
381017,1
649757,1
529954,1
663529,1
423720,-1
22777,1
766694,1
166583,1
282634,-1
353764,0
461317,2
31680,1
998009,1
491318,1
970330,2
476860,2
415960,0
937064,1
935085,0
863837,1
166987,2
65621,-1
486600,1
389265,1
151202,1
906908,1
98725,2
741135,1
184479,1
364623,2
289083,2
101465,1
877671,2
414975,-1
819137,-1
162715,1
889367,1
682050,1
468148,1
276721,0
809015,-1
82904,1
629958,1
282539,1
576641,1
721032,0
985863,2
351847,1
102182,1
432256,0
810959,-1
339263,-1
426325,2
634147,2
43694,1
693219,-1
840612,0
292313,2
459823,1
458700,-1
886294,1
72399,2
838493,1
239467,1
966716,1
88590,1
270660,-1
612857,2
481502,1
953534,2
399293,2
325715,1
412226,1
817566,1
610516,0
921902,2
279576,2
164195,2
233989,2
650411,2
531313,1
4333,1
643985,2
556079,0
362728,1
619584,0
498930,2
711047,1
280183,2
710884,1
669728,0
873903,1
133051,2
580652,1
122184,1
297918,-1
443350,1
942345,0
487311,0
624290,-1
462841,-1
682584,0
86801,1
614098,1
71036,0
603798,1
539219,-1
571734,1
891254,1
16967,1
366465,0
468888,1
755956,1
854237,0
929586,2
972465,0
47414,1
237511,1
473045,1
719760,2
3380,1
915945,2
746072,2
793658,1
718346,1
991582,2
186975,0
544544,-1
598757,1
352182,2
799769,0
285144,1
406272,2
92988,1
36673,0
558989,1
261633,2
239960,-1
938879,1
638143,1
162574,0
78388,1
966667,1
865944,1
972181,2
946851,1
214800,1
728032,2
600651,1
728584,1
706681,-1
589739,1
450581,1
47561,1
401905,1
800981,1
589183,1
222534,1
357670,2
923142,1
497636,2
443455,1
730705,1
830855,1
255556,2
961712,1
589379,0
956735,1
216207,1
650019,-1
606200,2
753836,1
847322,0
273226,1
83629,1
226734,0
788872,1
870974,2
591870,1
568912,2
789519,2
731488,-1
244090,0
735125,2
764484,1
646717,1
31157,1
152232,0
414280,1
587546,2
821756,1
373215,1
826764,1
733307,0
596788,2
57392,-1
761256,1
586312,-1
93389,0
93917,2
73551,-1
165581,0
156791,-1
823794,1
63392,-1
182207,2
829750,2
101290,0
639078,1
960964,2
884242,2
333194,1
180605,1
724302,1
464585,0
857134,1
289751,1
746574,2
5343,2
477522,1
446879,-1
546541,-1
732463,2
380608,2
336640,-1
52477,0
194507,1
538733,1
622382,1
758067,2
969245,0
6204,1
360927,-1
733862,-1
254831,1
312789,1
683632,-1
698155,0
581241,1
685887,2
495618,1
98564,-1
422534,1
378882,0
175872,-1
135908,-1
840249,1
37433,0
231996,2
573211,0
703385,2
11101,0
819890,1
572492,0
120502,1
146930,2
913546,1
808868,1
383788,1
629338,2
429250,0
327253,-1
233323,2
754966,1
5107,0
285700,1
997597,1
605325,0
181468,0
921776,1
131890,-1
727491,1
407368,0
720318,1
521215,2
699505,0
260605,1
4496,2
162556,2
283270,0
631070,0
343853,1
195609,2
729294,2
342029,1
31305,2
974349,-1
827385,1
110637,1
330981,1
716213,0
673772,1
533976,2
467243,2
671317,2
232183,2
489015,2
356158,-1
988748,1
240002,0
873392,1
345670,1
356761,2
530584,1
177001,1
525148,2
347083,0
784269,1
420686,2
918830,2
550616,0
696228,-1
861731,2
677852,1
591361,1
962050,1
76649,1
832328,1
239449,2
467995,2
467450,1
127162,0
477381,1
58715,1
701473,2
893061,2
335217,0
909071,1
471885,2
164325,1
875446,1
366749,0
625267,1
805316,0
779520,1
967449,1
39093,0
306078,0
983065,1
106475,1
380508,1
236562,1
589848,1
741895,0
204042,1
238985,2
468940,0
467571,0
86934,0
650045,1
334396,2
308397,2
435631,2
206312,2
565453,1
250852,2
511144,0
985030,1
5045,0
962371,2
179695,1
571674,1
708517,1
949891,0
451267,1
463572,-1
527910,1
446310,-1
105414,2
18138,1
653784,0
331838,1
650762,1
826394,2
164947,1
871573,2
737732,0
78892,1
950200,0
484870,0
382863,1
155451,1
361880,1
625561,0
675442,2
113514,1
19397,2
718093,1
428411,1
908602,1
595852,1
866548,1
516734,-1
203690,1
457889,-1
42699,1
564817,0
519244,-1
634222,0
851947,0
925224,1
776585,1
603969,1
848121,1
745737,0
706675,1
891427,0
311901,1
190297,1
782363,1
44291,2
370428,1
899174,1
144125,2
422237,1
554582,2
242199,-1
232219,-1
224076,1
945898,2
564911,2
343688,-1
371908,0
627574,2
180485,0
249763,1
651375,2
660951,1
657758,-1
237867,1
782819,1
791928,1
294609,1
850390,2
396547,1
142830,-1
250983,0
443938,1
831490,1
418267,2
860398,-1
763872,0
574726,1
142336,2
213055,-1
455829,1
656699,1
171902,1
350128,-1
714025,1
17420,1
44772,0
643168,0
704610,0
820523,1
37607,-1
680087,2
509948,1
938423,1
476346,-1
617648,2
659939,2
510346,-1
106516,2
187412,1
530662,1
969059,-1
233113,2
881485,1
396578,1
722776,2
69263,-1
783056,2
29053,2
45878,1
845042,1
78628,2
899274,1
485857,2
914284,1
590949,1
286808,2
449133,1
145375,1
769261,1
769524,1
968896,1
313839,2
775822,2
293312,1
495182,-1
896063,1
2325,1
795486,2
135329,2
885345,1
703319,0
595781,-1
243128,1
589175,1
473007,-1
145261,1
942956,1
524966,1
713766,2
440834,2
94839,0
730063,1
120270,1
73612,1
432813,-1
317254,0
149855,0
588233,2
860852,1
762132,1
694699,1
357323,2
617071,2
909332,1
460019,1
175290,2
845224,1
77234,-1
337929,-1
846396,1
515567,1
365305,1
410068,-1
123198,0
287376,1
799250,0
744900,1
505135,2
380314,0
272452,-1
164506,1
825234,1
959388,2
502275,0
663775,1
515364,1
29777,1
857998,1
930993,2
225367,1
299046,0
54060,0
153537,0
77959,2
238755,1
913486,1
14443,1
604691,2
56693,-1
397430,1
292158,1
263045,1
686702,2
111969,1
575864,1
592714,1
788130,1
283215,2
463455,1
84395,0
111750,1
930512,0
582792,1
172215,0
856082,2
788739,2
509947,0
407486,1
93916,0
49777,2
794018,0
448173,1
461282,1
44346,1
505510,-1
782839,2
104045,0
568580,1
758553,1
53400,2
441214,0
953386,1
143711,1
120075,-1
215972,1
439116,2
186431,-1
593449,0
607278,0
582945,2
922510,1
767792,1
795952,2
944860,0
444063,1
865922,1
752668,1
977914,1
252208,2
772954,1
254837,0
237616,-1
371131,2
343754,2
449316,-1
185570,1
47008,2
19133,1
375376,2
578099,1
763558,1
162367,1
690491,1
698617,1
620254,0
217118,1
232363,1
816170,1
449825,-1
672636,0
179091,-1
231038,1
291804,-1
710495,1
553086,1
323962,2
581600,1
704427,-1
438734,2
209379,2
415615,1
284806,0
310499,1
346116,1
771257,1
129670,1
532461,1
847765,1
541807,-1
151102,1
301061,-1
920481,1
223008,1
804457,2
577544,0
724299,1
615253,-1
414925,2
905949,1
633508,1
270235,-1
560973,1
337725,-1
307063,1
248899,1
693471,0
32083,1
581827,2
447640,1
862171,1
263238,0
177423,2
556777,1
814230,2
34166,0
355856,1
961882,2
762704,0
602494,1
34702,2
715552,1
355679,-1
854686,2
171389,0
820375,1
752605,1
923279,2
150302,1
444048,1
772347,1
707363,1
43036,1
31741,1
902354,1
732442,0
691266,2
115042,1
522188,1
815935,1
621337,0
933944,2
545889,0
639168,1
655821,1
217577,2
988338,0
310934,0
384173,1
850427,1
614699,-1
146362,0
58112,1
466658,1
798525,0
569963,1
434900,1
51794,0
373733,1
78426,0
591624,-1
376278,1
881145,2
423932,2
154517,1
809256,2
592760,1
326267,1
557614,0
657699,-1
792471,1
687325,1
184414,1
160393,2
846792,1
615738,-1
988164,0
487047,2
469101,0
804088,1
981726,-1
661325,2
395935,1
404054,0
336290,1
458596,1
721106,-1
837210,2
370613,1
123115,2
306643,2
666144,2
108718,1
319332,0
579193,-1
358166,1
141738,1
260609,2
581967,1
132595,-1
488092,1
392202,0
315476,1
205530,0
659291,0
436218,0
90685,1
142415,1
24934,1
409382,1
920431,2
796763,-1
845251,1
388243,2
604797,1
152641,1
248936,1
938144,2
424611,1
329124,0
665784,0
640825,1
163428,-1
556966,1
462236,2
940585,1
836959,1
203375,1
254557,1
980954,0
24797,2
281199,0
574766,1
887404,-1
291525,2
649648,1
753473,2
305074,1
328063,1
567452,1
195871,0
540520,0
875626,1
672918,2
17142,1
644643,0
558196,1
718420,1
941514,-1
142228,2
114046,2
201727,0
432369,1
387738,-1
199691,1
180304,1
673181,1
146042,1
558321,1
486158,2
656852,1
746973,0
443873,2
946854,0
206666,1
329798,0
494754,0
964787,0
992585,-1
626550,0
338140,1
86710,2
880166,1
461185,0
840127,2
909823,1
347835,0
41851,2
429019,0
822696,1
398282,0
939362,-1
44160,2
193712,1
628281,1
489292,1
616565,1
347410,0
17963,0
76228,1
601837,0
569634,2
57381,0
120440,-1
34596,1
28256,2
499154,2
352917,2
642374,1
597069,1
830957,1
317312,1
827075,2
588394,1
706639,2
182537,2
16854,0
443398,1
434602,1
554528,2
30214,-1
171137,1
875060,1
961114,1
246680,2
244205,1
552594,1
726305,-1
354750,0
71830,1
345645,1
212044,-1
200267,1
942846,0
174493,2
333002,2
146187,1
793908,-1
496143,-1
966647,1
323,2
803875,-1
402047,1
534219,0
703000,1
671584,2
559320,2
188050,2
887516,1
645866,1
466328,1
415728,1
503003,1
298164,1
633000,0
512067,1
235641,1
343381,1
733240,1
136832,1
389026,2
852347,1
25002,1
294027,1
648266,2
810469,0
224435,1
952397,1
12004,1
185013,2
486832,1
86045,1
133514,1
799864,1
781356,2
866735,1
788791,2
907298,0
930620,1
580848,1
438124,1
400009,1
956741,-1
748695,1
831576,0
683218,2
531715,2
555874,0
672398,0
293081,-1
506419,-1
776853,1
857439,0
860763,1
169809,1
410150,-1
776743,1
830459,1
612043,2
247011,1
404518,1
997644,0
111741,2
921727,2
921922,1
349946,1
632649,2
10315,1
448017,1
561814,0
88851,2
317861,2
419424,1
185650,1
931895,2
893553,-1
159886,2
48509,1
697646,1
260134,0
958366,1
497671,2
890683,2
219061,1
50736,2
742031,1
431195,1
159717,0
641424,1
423512,2
229137,1
798844,1
693406,0
371036,1
211835,-1
757133,1
937342,0
977747,0
333823,2
669775,1
260295,2
677043,0
477036,1
194820,1
833593,0
737103,2
838487,0
14362,1
433532,0
375715,2
274541,1
115978,1
905000,1
343053,1
168437,0
794305,2
149132,-1
255482,1
786652,1
18795,-1
261144,1
2575,1
477704,1
645226,1
613988,-1
141972,2
863542,0
922667,2
419431,1
960388,-1
853322,2
622813,-1
785330,1
810188,1
53815,1
818404,0
747464,1
754308,1
128943,0
996229,1
964585,1
959469,0
354761,1
102989,2
67926,1
122021,1
549342,2
446441,2
196355,2
589487,1
70611,2
683684,1
978725,1
13287,-1
809747,-1
838185,2
647188,-1
616174,1
754798,1
620739,1
644772,-1
96841,2
818549,0
24845,1
397713,2
924727,1
164077,0
442722,2
583077,1
840571,2
415337,1
148578,0
239214,-1
521908,-1
947679,-1
227844,2
701507,1
617736,1
509196,1
585430,-1
839425,0
414230,2
916592,1
705572,-1
282147,2
201741,0
464689,-1
506099,1
315331,1
258435,0
910541,1
394712,1
424092,-1
204080,1
744870,1
644004,2
107636,0
661174,1
19909,1
927163,0
358829,0
186937,2
98072,1
43449,1
996972,0
365705,1
27742,1
165638,0
419439,2
254018,2
980316,2
849752,1
601238,-1
763081,1
767129,0
292040,1
800470,1
408830,0
902403,1
495974,1
97966,2
612358,-1
601862,1
484009,0
24147,-1
545781,2
404273,-1
459068,2
706804,0
570687,1
611072,0
985616,1
164701,1
599031,1
291016,2
871590,0
375923,2
625713,1
544267,2
597520,-1
201908,-1
779450,1
41388,1
324210,1
527518,2
995095,2
68508,-1
645526,1
803925,0
310865,1
243590,-1
739831,1
838039,0
93918,2
115526,1
164262,1
727311,1
735220,1
468210,1
689122,1
53596,0
799186,2
101084,1
30439,1
810252,-1
821303,1
292964,-1
302407,1
271892,2
732321,-1
447410,2
803265,-1
196513,2
365268,0
202213,1
325954,1
969878,0
626863,-1
549662,2
583897,-1
81079,1
74615,-1
390771,1
921683,0
260545,-1
746062,1
523766,-1
369387,1
387902,0
407975,1
843647,2
668518,2
259924,0
823007,2
133194,1
999383,1
844853,-1
811166,-1
700248,2
312802,2
703577,2
842529,1
133240,0
637996,1
242561,2
970006,2
651603,0
339673,1
675644,1
793976,1
162961,2
469570,1
681176,1
887401,2
891406,1
751950,2
965377,2
773946,1
84122,1
845066,1
389748,2
837821,-1
967629,2
864765,0
266087,1
41710,1
112134,-1
513080,1
452254,0
564272,2
876098,0
273845,2
343129,2
622330,2
296515,2
199651,1
265010,1
124863,0
619557,2
500287,2
366450,1
626887,2
426254,2
535685,1
617761,2
616786,2
863271,2
516407,2
148449,1
849472,1
665945,-1
479060,1
736724,-1
288008,1
638394,1
779022,-1
951766,0
535506,2
202738,-1
863224,1
870370,1
721194,1
981141,2
252336,0
77169,-1
68528,2
38903,0
256464,2
11425,1
898966,2
860813,1
873715,0
81184,1
106630,2
203802,-1
904553,2
793878,1
727291,0
659013,1
170414,1
545030,2
935399,0
720843,1
24407,2
368110,1
503818,1
556178,1
905326,0
337724,0
69700,1
114542,2
160079,1
903579,1
646349,0
161942,-1
598614,-1
663644,1
329622,1
263883,1
296398,1
566777,2
158516,1
764934,2
404621,2
803119,2
610999,0
737690,0
312628,1
712615,1
188749,0
814343,1
988637,0
880191,1
280042,-1
630479,0
46849,1
667139,1
445425,1
136052,-1
811010,2
170283,1
900662,0
493441,1
94212,0
753640,2
312169,2
202533,0
102614,1
619990,1
86350,1
63121,1
121852,0
600352,1
124929,1
75897,0
574497,2
24804,2
596222,1
906004,1
539619,1
110125,1
448051,0
790726,1
822650,1
381243,2
730979,1
936649,2
587095,1
612202,1
429050,0
700694,0
851416,-1
547091,1
51713,2
125090,1
81094,1
46987,2
10385,1
660879,0
815867,2
182651,2
13152,1
612985,2
668026,2
286216,1
872878,0
346203,1
717045,1
118481,1
67795,0
965112,1
942456,1
49607,1
336321,1
220175,1
218973,1
458027,1
932536,0
239165,2
473283,1
10468,1
965411,1
733655,0
383468,-1
796762,2
184596,0
327092,0
158124,1
998269,2
332356,1
495084,1
610404,1
478417,1
599073,1
476278,1
433925,1
184487,2
899620,0
237593,2
637818,1
487541,-1
323186,2
767342,1
897943,-1
893076,2
227111,1
484479,0
142536,0
511856,1
486621,1
793118,1
350625,1
875997,2
520873,1
980231,1
486454,1
790783,1
119066,1
795590,1
703949,0
226753,1
497219,0
133965,2
108181,1
574156,-1
510374,1
547861,2
154116,0
445954,1
997533,1
624946,1
463357,1
912071,1
789575,0
733504,1
921494,1
182771,2
577188,1
77565,1
13576,-1
850213,1
233403,0
158376,2
42715,1
125277,2
794752,0
738883,1
646317,0
908688,0
767328,1
771691,1
259880,2
825122,1
884467,2
787682,-1
609778,2
737682,1
908388,0
424425,1
323128,-1
628679,2
678862,1
838507,1
205713,1
681150,2
7572,0
941573,1
274509,-1
684872,1
370024,-1
291351,1
155280,1
493518,-1
955736,1
475150,-1
814784,2
934550,2
236229,1
868776,1
724046,-1
948949,1
383876,0
131974,2
986064,0
428108,0
926841,1
494582,0
781163,1
92910,1
486,-1
491939,0
53227,1
800250,2
253165,0
31100,-1
457211,1
164443,1
646128,2
26297,0
641969,1
593800,1
256579,0
805014,0
418189,1
640885,2
497723,2
627483,1
654700,0
237079,1
432087,1
572031,1
962862,1
73015,2
308754,0
686614,-1
620529,1
342626,1
875135,-1
135651,2
566883,2
708737,1
771565,2
146085,0
713094,0
540959,2
824998,1
387636,2
6977,-1
581176,1
272574,1
312899,0
405772,1
423226,2
15617,-1
73801,-1
581076,-1
763519,2
916909,0
646077,0
551261,1
182472,2
180047,1
986479,2
238659,2
76266,-1
98479,2
177204,1
298152,2
328729,1
297260,1
567264,1
329437,1
985621,2
789426,1
246326,2
933736,2
378617,-1
254499,-1
174922,2
312720,1
568863,1
903966,-1
730989,0
191303,2
261053,1
179969,1
411209,1
293338,2
224041,1
627912,2
763334,1
769155,1
93337,2
802385,1
42183,2
407596,-1
368054,2
618952,1
648741,1
877147,0
996306,0
154289,1
333682,0
746454,1
504683,1
455348,1
744762,0
153848,1
429721,0
460217,1
622753,1
925836,2
140313,1
498154,2
848278,-1
694120,2
614569,2
511015,0
56117,-1
97915,1
684968,1
290122,-1
896238,1
105501,1
155182,1
243396,0
425069,-1
3804,1
92161,1
360732,0
850932,1
20149,2
695895,2
972635,1
986282,-1
568549,-1
434652,1
507521,1
263473,1
267646,1
149939,0
274077,2
776304,1
370879,0
404861,1
204227,2
819486,-1
142966,-1
818701,0
274044,2
665722,1
421305,2
704236,2
349774,1
635513,0
652424,0
146233,1
676332,-1
696485,-1
474898,1
939207,0
135234,1
4494,1
678001,2
505970,1
656254,-1
552023,1
561933,0
885448,1
284977,1
455946,1
891808,2
349787,-1
598581,1
327527,1
631112,1
780626,2
617439,1
778454,1
411141,0
694508,1
451340,2
200823,2
252827,-1
997245,2
593241,-1
150780,2
701541,1
342006,1
182752,2
597528,-1
979212,-1
730965,1
705732,2
852885,2
567968,2
58159,2
485485,1
270505,0
221568,2
261639,2
493242,1
988625,2
127890,-1
582873,1
596848,2
653100,1
681574,0
228139,2
121922,2
941781,0
169175,2
253167,0
715413,1
15656,0
825086,1
207315,0
823519,2
369940,-1
359076,2
802295,0
44252,2
230042,1
663144,0
235342,1
948529,1
649033,1
622688,0
500735,1
295382,0
982200,2
349178,-1
395381,2
544107,2
538241,2
591984,1
45181,-1
708342,0
950412,1
118586,2
833509,0
694880,1
501069,1
537327,1
736909,-1
777838,1
14607,0
198247,1
532727,1
971954,1
506983,0
740265,0
628974,1
273978,1
890446,2
555626,2
266376,1
555259,2
605751,2
642647,2
8695,1
288654,0
420856,2
822637,1
495623,2
444782,1
598329,-1
581704,2
274996,1
185975,1
6500,1
4922,2
314724,1
864689,0
890303,2
298217,1
58759,1
665061,2
711365,1
53886,0
639109,1
955199,0
56403,2
986454,2
725929,-1
308560,-1
63259,2
893580,2
910594,-1
635622,1
332270,2
230361,1
970928,1
987005,0
599243,1
415291,1
353090,1
571695,1
442038,0
766968,1
572932,-1
770249,1
380515,2
308454,2
870967,0
35630,-1
809561,2
51932,1
937854,2
845936,1
48136,1
337375,1
129260,2
651061,1
949433,1
38474,1
780400,0
900148,1
717361,1
315768,1
1094,2
371575,0
334703,0
347301,1
333023,1
760539,0
986393,1
113410,-1
533841,0
646375,1
208765,0
874552,2
581056,-1
564133,1
238576,1
771517,1
569298,1
362439,0
313524,0
453646,0
267618,2
552103,0
922833,1
161548,2
547728,2
882173,1
196745,1
329376,1
561279,1
152362,2
577289,-1
569331,2
797033,-1
697697,1
705751,-1
780961,-1
607260,0
56078,1
233570,-1
900516,1
526766,1
950781,1
445119,0
299523,0
700364,-1
638191,1
746929,-1
585971,2
568079,-1
102283,1
154483,1
870534,2
367520,2
483579,-1
846473,1
863386,2
448491,2
879144,1
661533,2
778544,1
26334,1
568606,1
694622,1
176767,0
787826,1
765977,1
79002,2
628012,1
468570,1
989146,1
458415,1
677605,0
896052,1
689114,-1
743964,1
562549,1
609521,0
769546,0
936010,0
28321,0
907350,1
15176,0
619727,1
755696,1
659339,-1
868242,2
878577,0
27645,1
94375,0
96253,1
106662,-1
927688,2
174681,0
5808,1
562069,1
697588,1
323681,-1
767676,1
23872,1
901914,1
940000,2
152867,-1
174045,1
952247,2
420045,1
219993,-1
384450,-1
284022,2
281768,0
969999,2
692396,1
566712,1
397080,0
400965,1
553873,1
314655,2
210043,2
66392,1
888438,1
42015,1
155936,1
456964,0
100619,0
165244,1
918091,0
225368,1
809620,1
543287,1
858075,1
342041,1
501333,1
688842,1
259862,2
844239,2
939482,1
851282,1
782419,1
156502,-1
411451,-1
778098,-1
748621,1
991104,1
429100,1
242868,1
383918,1
665976,2
464303,1
136987,2
210063,2
931052,2
726315,1
430258,1
366927,-1
303238,1
485960,1
300485,1
486143,1
487258,1
86791,1
483979,2
557002,1
651130,0
240130,1
854919,1
126330,1
959514,1
669369,1
906463,-1
251017,1
17936,1
275097,2
973737,1
398175,1
549419,1
830932,0
62153,1
836743,-1
688979,2
467710,1
786829,2
475922,-1
756330,2
129546,2
283112,1
177141,-1
27227,1
991302,0
769041,2
982553,-1
882621,-1
953530,2
834944,-1
561470,0
384297,0
521834,2
878776,2
800561,1
332192,-1
626665,1
720978,1
471603,0
840316,2
270413,1
666499,1
934904,1
750005,1
370595,1
93511,-1
389325,1
285464,0
537960,1
523402,2
453346,2
286755,2
735544,0
737829,1
866869,1
887135,2
539693,1
912791,0
32937,2
607228,1
678005,1
547998,-1
111384,2
135862,1
585961,2
851295,-1
876430,1
161949,-1
265741,-1
469560,0
625147,-1
843557,1
246532,2
397532,-1
363915,2
535584,1
195696,-1
432742,1
45471,0
147931,1
351920,0
728240,-1
15379,2
138964,2
406562,-1
673979,1
6599,2
3316,-1
963207,1
292792,1
715826,2
901330,1
658591,2
700745,2
684686,2
585044,0
72912,0
292080,1
775106,1
429183,1
79809,2
710041,2
359322,1
558178,1
883974,1
796425,1
792125,0
603149,1
412743,1
899120,1
77176,1
48054,-1
744133,2
792380,-1
450463,0
923478,-1
825217,0
92054,-1
455204,1
166549,1
864815,-1
736961,-1
495799,2
988766,1
440864,1
7273,1
114016,1
713565,1
713129,0
681654,1
633587,1
489731,2
71236,1
954902,1
608676,1
841621,0
938387,0
96791,0
336255,1
654234,0
568095,1
297199,1
63520,1
146672,0
156613,0
209688,1
233240,1
635250,1
818370,1
250804,1
472432,0
526619,1
932140,1
678223,1
499800,2
94093,1
975989,-1
546488,0
823328,-1
83230,1
613657,1
465639,2
37735,1
508126,0
338723,2
216769,1
924616,-1
128444,1
781378,0
161766,0
629937,0
448114,2
337455,1
928110,1
348665,0
925085,-1
350345,1
255901,1
798119,1
649555,1
678457,0
127945,2
306053,1
429997,0
84686,-1
178031,1
433817,0
727081,1
92555,1
736073,2
684291,1
208436,1
631966,1
632170,-1
552169,1
700411,1
398682,1
864408,2
791122,0
311939,1
212992,2
439770,-1
888670,1
246648,0
52909,1
185340,1
954861,2
312141,2
779676,1
501230,1
655913,0
869690,-1
692291,1
7733,2
323305,0
522534,2
255257,2
342294,1
336712,0
847143,0
958883,2
32011,0
645444,1
591370,-1
921487,1
213184,1
191035,-1
486019,1
967576,1
485397,1
274091,1
971373,1
80530,1
441388,2
219687,0
589095,1
717337,0
309919,2
624761,-1
538959,-1
933506,1
255735,1
960885,2
547227,1
955114,1
490235,2
30625,2
344466,1
352351,1
91361,-1
644448,2
321910,1
294122,1
502744,1
450547,-1
952430,1
917415,1
546639,2
498408,2
19737,2
89008,2
401448,1
117558,0
713838,1
52888,-1
692934,1
211232,-1
738012,0
430717,1
429013,1
622733,0
175296,-1
208540,2
341637,1
980407,2
747972,1
10675,1
413483,0
492601,-1
440868,1
179308,-1
850302,1
994884,0
280069,0
225213,2
383465,1
495245,1
457142,2
918082,0
850665,2
119798,1
197624,0
419286,0
66539,1
937594,0
458056,0
391586,1
537905,-1
940773,1
63636,2
350290,2
399262,1
879570,-1
242644,-1
360419,2
702569,0
195816,-1
757711,1
927763,1
709644,2
713965,1
645834,2
917740,1
102859,1
302987,1
533731,0
989796,-1
998974,2
238041,2
849413,2
277751,2
42975,1
243718,1
993297,1
162328,1
341635,1
650311,0
244956,0
203918,1
474921,0
111066,0
706768,1
701078,1
469942,0
396077,1
930734,1
769160,0
324,-1
685392,-1
195255,1
132265,1
232617,1
671491,0
24200,-1
670870,0
187081,1
740680,-1
183014,1
1002,1
437581,0
13562,0
525771,1
484704,0
435190,2
563240,1
980945,2
71688,0
43993,1
674237,1
609692,-1
994995,0
17950,1
660705,1
488065,0
718541,2
789782,1
774504,1
942387,1
913856,-1
68822,0
498872,1
282396,1
607114,1
293524,1
67727,-1
926215,0
237135,1
13937,-1
105223,1
989572,2
548324,2
565886,2
319852,1
958100,1
343719,2
731863,0
603466,1
119608,1
692785,0
764412,2
853757,0
822612,2
400706,0
506377,2
676465,1
528708,0
426419,1
540054,2
912100,1
274630,1
554174,1
905680,1
418450,1
418141,0
307012,0
890324,0
682705,2
379783,2
843593,2
22034,2
616085,-1
672236,2
440264,1
162520,2
571452,1
178299,2
187726,0
162956,2
650239,2
285695,1
62508,1
601101,2
888833,1
452911,2
532091,1
647934,2
205997,1
376530,0
491158,1
670340,1
63710,1
373166,-1
123762,2
949504,2
282697,1
796241,1
968995,1
114369,1
505454,-1
804838,1
254338,1
357839,2
356216,2
27874,1
985071,2
718353,2
10863,1
519963,2
398011,-1
858431,0
781976,2
647740,1
509315,2
180805,2
153440,0
721700,-1
665905,0
425155,2
592618,0
604000,1
706419,1
626332,0
675525,1
35335,2
879999,1
695422,0
282559,-1
347486,0
237897,0
83693,0
434463,0
936349,1
467990,0
339981,-1
998342,2
769234,2
812406,1
325242,1
274653,1
141806,0
239144,2
537273,1
147807,0
207974,0
357314,1
789590,1
752831,2
719483,1
717031,1
744804,1
912022,1
541124,1
999263,0
986822,1
397991,1
819649,2
917021,0
742017,-1
68689,1
233448,1
391815,1
625916,1
602874,2
384242,1
248317,2
597775,1
505736,1
830762,1
268977,1
169209,2
674056,2
303834,1
893012,0
950264,1
155098,2
643801,2
37382,2
239109,0
811745,-1
307324,1
651589,0
728961,-1
995965,0
32617,2
345264,0
670510,2
187322,1
643839,0
656403,1
407063,-1
456801,1
279241,2
173656,0
140144,2
695410,0
342379,1
904821,1
102149,-1
315058,0
443380,1
328359,0
822742,1
363827,0
369444,-1
15004,1
425757,-1
795670,-1
994106,1
521233,1
629606,0
428345,0
376182,1
557421,2
351678,1
566520,1
951080,0
431383,2
164681,0
711690,2
487536,1
12892,-1
93856,-1
616594,0
55340,2
977890,1
767055,1
449932,1
916728,2
116029,2
385866,0
560183,1
264529,1
410097,-1
759381,1
846166,-1
975978,1
73908,1
564366,-1
218212,2
774290,1
468930,1
692526,0
425303,1
907670,1
345212,1
686682,2
130895,2
78847,1
813529,1
512340,2
643621,-1
492385,1
105981,1
106267,1
395551,0
133092,1
62304,1
773877,1
261474,-1
2066,0
880642,1
168822,2
291414,0
518500,2
474278,2
250041,-1
369792,2
549105,0
735919,1
415660,1
390548,2
586365,0
801663,2
21444,0
429715,1
485778,1
353052,1
39102,1
874377,2
582519,2
714029,2
562887,1
161206,1
242518,1
333341,0
526794,2
862925,0
964831,1
141282,0
642970,0
437390,0
251594,0
3947,2
782071,0
876155,1
518691,1
571034,1
57352,-1
444558,2
44613,2
583126,1
516278,-1
599097,2
144626,0
362282,1
465505,2
781993,2
840724,1
385584,2
332709,2
913766,1
49767,1
416908,-1
607640,1
642312,1
66809,-1
55451,1
776252,2
146193,2
839366,-1
579210,1
597687,0
619476,1
414013,2
380700,2
896367,0
334698,1
314624,1
991473,1
549413,1
242209,0
969368,0
348883,1
418492,-1
470540,1
458378,1
109266,1
796016,2
146189,-1
908598,1
305829,0
150626,1
314295,0
785092,0
349953,1
315604,1
719053,2
625475,2
904281,1
864899,2
98191,0
393935,1
976682,1
115902,-1
714477,1
904871,0
40002,1
196167,0
876677,2
639041,1
658238,0
118538,-1
585684,1
212373,2
439871,1
372248,1
808291,-1
740677,0
286600,0
39137,1
242134,0
789533,1
974607,1
121892,1
925466,1
659381,1
71947,1
619589,2
538261,2
401624,1
592687,2
770681,1
655254,0
803295,0
770982,0
841939,2
773430,2
910369,1
529946,0
453960,2
199412,1
928138,-1
89026,2
936076,0
48194,1
543968,-1
428811,1
199176,2
308647,-1
472164,1
14347,2
792863,1
730475,1
302030,1
729730,0
355810,1
520559,1
116986,0
242175,1
214431,0
627510,1
372797,2
821047,1
859883,0
184039,1
575649,1
406507,2
208568,1
371985,-1
440835,2
647629,0
897754,0
802877,2
254620,2
306648,0
80762,1
65253,2
221872,1
655251,0
400521,0
899111,1
213627,1
32882,1
127013,2
296021,0
246508,2
881303,1
877621,1
913736,-1
28168,2
616816,1
337927,-1
60850,2
382625,1
306424,1
125916,1
887268,2
646241,0
833300,0
640993,1
185928,1
723717,1
161924,2
653426,-1
326871,1
23219,2
694941,1
511624,1
713841,1
757148,2
233609,2
481699,1
788178,2
258840,1
180910,0
143846,0
397187,1
735956,1
697066,1
398754,1
159756,1
583833,1
347170,2
840626,0
976083,-1
936082,1
707118,1
230817,-1
647480,1
886880,-1
669722,2
89211,0
965203,0
205053,2
792494,1
810157,1
244378,1
953700,2
823363,-1
643295,0
844388,-1
111866,1
891158,2
658186,2
376161,2
733882,-1
524949,1
754796,1
747068,1
260344,-1
341280,0
833793,1
456224,1
942777,2
813648,1
703664,-1
454700,2
774633,1
713981,2
439771,2
877051,-1
557810,2
999361,2
541390,1
843489,0
864943,2
624938,0
672160,2
651084,-1
657393,1
730399,1
507652,1
836399,1
231,2
141372,1
67600,1
486188,2
788413,2
163707,1
175537,1
899924,-1
387467,0
300294,2
263648,1
546601,1
208409,2
988785,-1
460408,1
596290,1
152927,1
330596,1
813049,2
29924,0
966487,2
211780,-1
934971,2
396644,1
389863,2
151900,2
529295,-1
197911,1
795755,2
826090,0
10291,2
827586,2
342303,2
467556,1
237893,1
182715,0
523321,1
363106,0
23004,1
928252,1
391847,1
675665,2
348827,0
729449,2
232059,1
171354,2
161420,1
920419,0
125728,2
529144,-1
38443,1
923595,2
281501,1
755722,1
34877,2
948297,2
655292,0
624662,0
617813,2
872665,1
251854,2
836359,0
798768,2
922488,1
446131,0
711942,1
132672,0
117315,2
786925,2
88937,0
841709,2
764509,1
263838,1
903611,0
135121,0
144821,2
632162,-1
360173,-1
448103,2
678866,2
415234,-1
724647,1
665309,1
957065,1
224939,2
133760,-1
402953,1
647958,0
973496,1
211487,-1
970549,0
322361,1
758055,1
34105,1
684967,-1
167784,-1
645719,2
183603,-1
644988,1
417921,1
634015,-1
855655,1
364166,0
818184,2
637913,0
584433,0
54701,-1
417381,0
883513,1
518360,1
599938,2
638621,1
961715,1
697302,0
167532,-1
65065,0
872916,1
199128,-1
977732,1
387630,2
42462,-1
349811,-1
534173,0
785799,-1
403726,2
504476,2
32252,1
440593,1
892685,1
536460,1
806307,2
670875,1
681122,1
781879,-1
247068,1
112810,1
603763,0
340383,0
401550,0
397696,-1
292460,2
46055,1
922725,0
420119,0
345844,-1
495305,0
575462,2
353591,1
697999,0
645309,1
775388,1
616411,0
137885,-1
451960,1
789115,0
477120,2
471531,1
643397,1
981119,2
905720,1
527327,2
214262,0
764356,0
285265,1
109031,2
889920,1
918544,2
345862,0
626861,1
407425,0
112891,0
892965,-1
500622,1
359206,-1
132398,1
141932,1
27158,1
312699,0
641045,2
548793,0
614023,-1
195809,1
462314,0
505590,1
475827,1
347787,0
246778,2
974119,-1
585186,0
76203,2
637597,1
999983,0
465780,1
735013,1
290151,2
347870,2
446311,1
408612,1
196509,2
129739,1
624840,1
806364,0
616197,0
376651,2
568226,1
51453,2
646773,0
462459,1
932633,1
420183,-1
992903,2
968742,1
345859,2
890862,1
674121,1
268219,1
7655,1
497236,-1
186163,0
706987,0
128531,1
315675,2
746780,1
968654,1
252133,1
53344,0
933095,-1
161392,0
694317,-1
682757,1
583969,-1
230320,2
927233,2
702609,2
449579,2
52493,0
275488,-1
308521,2
960368,1
275530,1
833217,2
800449,0
244138,1
642606,1
370237,1
36966,2
12748,1
465047,1
688977,-1
843598,1
790157,2
242160,1
628826,-1
446288,2
322424,2
803087,2
634079,2
825627,0
961667,1
33808,1
198272,2
990123,2
469488,2
463957,2
880361,0
584773,0
374553,1
183275,-1
113375,0
190844,-1
795230,1
444102,1
259635,1
497056,-1
205201,2
830570,2
177632,1
874661,1
204768,1
426709,0
666101,0
728666,0
622683,2
539304,-1
490246,0
862832,0
91092,0
629284,1
581779,1
767922,1
207825,-1
488877,2
290673,1
587933,0
12343,1
991667,2
366178,2
990370,2
345018,2
900182,-1
23133,2
813652,0
155474,0
265814,0
976781,2
853893,2
125784,1
722067,2
203641,2
455687,0
21780,1
739736,2
663336,0
669160,1
99220,2
736519,2
162533,1
272392,2
809568,-1
408446,2
293618,2
614427,0
448949,2
434123,1
694186,-1
480120,1
343589,2
595575,1
880717,2
302744,1
631761,1
706535,1
121619,1
177940,0
94004,1
300637,1
324458,2
336980,1
3151,0
390611,2
336024,1
811013,1
920143,-1
824716,1
453544,-1
368830,0
556824,0
744397,2
647697,1
539985,1
399389,1
715168,1
784741,1
117318,2
568817,2
377392,1
111643,2
8723,0
262101,1
551225,0
377121,2
388278,0
387855,1
396758,2
821375,1
307577,1
11874,1
152947,1
373196,2
681799,1
195033,0
470515,-1
542193,1
786188,-1
952036,2
782706,1
232723,2
443670,-1
685079,2
276015,1
373750,0
956265,0
847491,0
511736,2
301549,0
491260,1
502197,-1
972927,1
740869,1
519113,0
573875,2
858962,0
528969,-1
570551,0
883034,2
169392,1
269695,2
47454,1
391822,1
628083,1
644328,2
436950,1
26551,2
647139,0
179680,2
363692,-1
483048,1
540983,1
788092,-1
205106,2
785011,-1
33426,1
338299,-1
240223,2
514220,0
767021,-1
458376,2
871950,1
648034,1
302254,2
638987,0
543051,2
518964,2
205963,1
895438,0
838812,2
396598,1
9385,1
53503,0
857881,-1
899149,-1
983942,0
717325,2
193613,2
287333,1
242144,-1
966042,0
167148,1
3451,-1
223188,1
571929,1
484537,2
261371,-1
333480,-1
717182,1
18369,2
239212,1
713047,1
896499,1
19234,2
576063,1
865976,0
865858,1
214133,1
7500,-1
461792,2
909060,2
896636,2
923236,0
363209,1
943350,1
23718,0
732753,0
436406,1
226552,-1
995707,1
860633,2
283389,-1
828750,1
750985,1
10691,1
968989,2
283169,1
479441,1
49000,2
895112,1
89198,1
731498,1
873492,1
748686,1
493732,0
666504,-1
291794,0
591070,2
399545,-1
898448,1
655033,1
653524,2
933765,1
98740,1
701254,1
460181,0
750030,1
745890,1
633094,2
885609,1
642211,0
893929,0
233330,2
187583,1
1778,-1
468742,0
757706,1
197401,0
145207,1
969010,1
93645,1
262801,1
874333,1
593952,0
874815,1
792528,0
96606,1
104081,1
951844,-1
240191,1
741518,1
490704,0
787476,1
356997,1
804006,1
873876,0
623346,1
987897,1
914419,1
412157,0
2028,0
605102,0
749238,1
307392,1
397422,2
338237,2
80541,0
449512,0
294833,1
413620,2
387693,1
450373,1
589886,-1
516932,1
581483,1
346955,-1
734933,1
288357,1
303455,0
224575,1
576795,2
15284,1
573941,1
919384,-1
719494,1
24551,2
183366,0
336178,2
634250,0
609196,0
974078,2
839965,2
232062,0
924312,1
575336,1
124851,1
806164,1
732761,1
500599,0
412117,2
906349,1
913803,0
393406,-1
189856,1
310554,2
919892,2
569801,2
817363,2
440342,1
720834,1
406014,-1
142478,2
759688,2
371839,0
628608,-1
488708,-1
498562,1
43007,0
466461,2
103442,1
685532,0
488405,1
681057,1
353092,-1
284569,0
395034,2
366099,2
577799,1
854121,0
264258,1
349261,-1
122095,2
910800,2
638147,2
101951,2
309070,0
570235,2
59157,1
669686,1
558941,0
51268,1
991319,1
514870,0
52275,1
44216,1
326352,2
930456,1
837886,1
425286,-1
354627,0
590555,2
540462,0
981998,-1
135020,-1
981661,2
805343,1
776590,1
700547,1
575771,1
810435,1
107181,2
122281,-1
556956,0
77126,2
290670,1
517369,1
808687,1
114203,1
15842,1
102935,2
23002,1
404865,2
567081,1
211891,2
619002,1
684757,1
179146,-1
935520,0
824330,-1
150637,2
119377,0
768227,0
149919,1
669199,1
185722,1
336736,2
544432,2
461608,-1
543004,2
34682,0
92880,0
215890,1
888835,2
181401,0
189154,1
872090,2
845259,0
218304,-1
567409,-1
399514,1
672209,-1
4403,1
445740,1
464276,0
886163,1
187666,1
160670,0
285723,1
272753,0
170877,1
698764,0
132467,1
39110,2
606934,-1
17095,2
13523,2
462723,1
389239,0
587505,2
690523,2
253146,1
167461,1
716193,1
754194,-1
937593,2
795201,-1
941129,1
951756,-1
541050,1
676119,2
383346,1
318732,-1
177261,1
374551,-1
335242,-1
669156,1
147257,1
631258,2
577768,1
556221,1
172964,1
767518,1
905221,1
937706,1
676551,0
411028,-1
968883,1
65085,2
974176,2
281304,2
860156,2
885791,0
174569,0
674895,1
70824,2
604290,0
927676,0
731245,1
143452,1
342692,1
871087,2
761613,1
798311,-1
635795,0
700014,0
791049,0
279700,1
507646,1
444407,1
465916,1
134834,0
852541,1
962364,-1
176463,1
992510,1
975849,1
420299,0
704863,1
421447,2
935240,2
461836,1
819440,0
419330,1
535890,2
841407,0
826224,1
546860,1
624360,1
587419,1
389504,-1
860824,2
793887,2
945522,0
436399,1
797196,0
642292,1
258901,2
233757,2
875599,2
860413,2
922066,1
719718,0
667210,0
954662,1
593300,0
491493,1
943128,2
670317,-1
550089,2
152533,0
725903,1
685530,1
679978,2
247717,1
803475,2
776944,-1
232693,0
752730,1
526205,1
831699,1
739965,2
251342,1
718512,1
816966,2
903146,1
891315,1
787078,2
21589,-1
322283,1
867456,1
22847,1
520018,2
767439,1
808874,1
257679,-1
635476,1
336477,1
398328,-1
386898,2
559407,1
658452,2
64700,0
636423,-1
906223,1
773709,2
441850,2
133043,1
553119,2
632138,2
320905,0
975115,0
38430,2
733245,1
384813,-1
464528,2
786000,1
684182,-1
221073,1
965970,1
691400,-1
691422,0
63149,2
94816,-1
613499,-1
910979,-1
50617,0
529874,2
144763,2
477049,-1
718864,2
799336,1
429124,1
16399,1
389891,1
803662,1
45923,-1
260020,0
780749,1
618441,0
139969,2
723808,1
188951,1
609927,1
98321,-1
513818,1
943916,2
847508,1
425538,1
231808,1
618984,0
810170,0
952783,2
310439,1
955627,0
201714,2
253507,0
336728,1
739980,1
652034,1
786046,0
338331,2
978337,1
559940,0
930566,0
619635,2
44405,0
436944,0
609023,1
888451,2
565182,0
230971,1
966471,1
633801,1
596337,-1
434014,1
876617,2
60545,2
971322,2
634921,0
851954,1
717758,1
421679,2
890281,1
665551,1
356135,1
963332,2
574829,-1
81371,2
603906,0
468076,2
659606,2
97195,1
493580,2
880721,2
96026,-1
252046,1
856130,1
472832,-1
209090,2
609183,1
514259,1
681249,2
25872,0
408169,1
905925,1
459544,-1
913419,2
71764,1
92104,1
74545,1
870533,0
393229,2
686549,0
299868,2
725140,1
661441,1
474203,0
242949,-1
179621,0
537577,2
847478,0
884263,0
793221,0
819944,0
490010,0
939135,1
323575,0
893288,0
116830,2
362231,1
471844,1
176547,1
565202,0
329502,1
638907,2
614055,1
51534,1
945333,1
122940,-1
469138,0
880749,2
778694,1
104364,1
368719,2
193727,2
665192,1
565739,-1
343223,1
279885,1
892105,0
140680,1
790521,2
412336,2
445997,2
779795,0
681616,1
367686,2
506370,2
132168,-1
759108,0
607329,-1
833214,1
989639,0
381419,0
152267,1
84283,1
983881,1
657049,2
460356,2
700177,2
724623,1
269340,1
535460,1
552058,1
163554,-1
243130,1
943320,1
931056,2
574005,-1
321998,0
313038,0
651974,1
744160,2
911544,-1
28314,-1
420118,2
865942,1
782992,2
175154,1
65902,-1
787883,2
791692,1
207757,2
976442,1
758755,0
867625,1
607007,0
938596,2
994970,0
528695,-1
534510,1
661942,1
715352,2
786120,2
840591,1
649191,1
229841,1
783682,0
218198,1
446581,1
936827,2
152582,1
728227,1
11920,2
622280,1
735540,1
9279,1
757282,1
904522,1
347211,-1
820479,2
756206,1
678920,-1
440259,1
559157,1
406889,2
388681,1
88041,2
854980,1
922520,1
213898,2
145369,1
860687,2
680519,-1
321220,0
882331,-1
907463,1
335976,2
622805,1
349122,2
324368,1
581146,1
455964,2
160166,1
580239,2
18671,0
716376,2
979435,0
252476,1
838635,2
846835,1
981163,1
236535,0
927987,0
710593,1
610576,1
758414,1
18822,1
424206,0
154236,0
729958,1
407521,1
824810,2
554576,2
996125,0
508149,1
280895,2
110710,1
583480,1
667841,-1
949978,2
396471,-1
837179,0
737124,1
294524,0
641827,1
416947,-1
515505,-1
588319,2
604614,2
446458,0
37360,2
704078,1
544705,-1
63842,1
901931,1
269577,1
138417,0
426497,1
674947,0
247478,-1
209270,1
992108,2
255923,1
972520,-1
942975,2
664932,1
799405,-1
937887,2
173729,-1
485359,0
134379,1
760079,2
398627,2
32929,-1
299783,2
44735,-1
728497,-1
183312,1
94753,1
14623,0
353731,2
297818,0
713609,1
362414,1
34025,1
704233,1
579173,1
591696,2
315835,1
270023,2
926733,1
30642,0
665957,1
28337,2
417278,-1
50742,1
358351,1
200711,0
389793,0
454424,1
717217,-1
294907,1
198716,1
606121,2
970000,2
398295,1
849951,2
971806,0
500923,2
307702,2
960324,2
645317,0
29213,-1
477346,2
299162,0
544515,1
880298,1
612332,-1
766985,1
361680,1
302664,0
200394,1
447949,0
99648,1
928859,1
83796,0
925802,0
294633,2
303648,2
314580,2
572088,-1
200392,2
641822,2
385091,1
556789,0
203724,1
296730,0
916865,1
435206,1
797442,0
586862,1
544527,2
342507,0
159414,0
873750,1
240786,1
912315,0
430947,1
502009,0
406685,1
783825,-1
994307,1
826534,1
958248,1
965880,1
641657,-1
250465,1
447013,2
855359,1
807064,-1
986805,1
461201,0
488707,1
895905,2
801388,2
34910,0
242159,0
45534,2
976055,1
937872,1
838818,2
590122,2
21289,2
762446,-1
164145,0
397452,2
95291,1
870694,0
419126,2
314286,2
951661,0
187089,1
375759,-1
679611,-1
422353,1
886918,0
678095,-1
839278,1
379592,1
738080,-1
336714,2
1816,0
657388,-1
683321,-1
477660,1
223453,0
421643,1
43719,2
381965,1
294032,1
109220,2
874526,2
440019,1
927947,0
574554,1
128567,1
378707,-1
592854,0
456458,0
962041,2
750953,-1
52542,-1
122796,1
187289,1
265431,-1
828671,2
244357,-1
753421,0
204521,1
14384,1
938581,2
739493,0
272480,-1
293270,1
407620,2
221779,0
700583,1
491385,1
648006,1
271260,2
68436,1
7675,1
820467,1
957518,1
192926,1
970423,2
960163,-1
458966,0
644790,2
85869,1
775140,2
802518,1
110473,1
640417,2
280223,-1
494357,-1
174044,2
731471,1
3723,0
3202,1
549109,0
873234,2
580874,1
56879,1
608787,-1
151713,2
457952,1
155514,2
572568,-1
471996,1
749681,1
85658,1
509974,1
45633,0
163316,1
168820,1
540509,0
203774,2
589068,1
930997,0
327726,1
673125,1
470462,1
275391,1
723919,0
446680,2
141194,2
583867,0
302930,2
757862,1
649240,1
551327,1
162535,-1
715022,1
356711,1
279120,2
564,0
121545,1
242286,1
625921,0
216342,1
534568,1
173469,2
451677,0
565007,1
858239,1
707167,1
581249,2
833702,0
14926,2
448775,1
864201,1
15881,-1
57888,1
525539,2
672859,0
297051,1
413953,0
20613,-1
783978,1
44946,2
739146,1
242763,0
427532,2
482620,0
338775,1
963222,1
853096,1
178136,-1
507896,2
872710,0
756649,1
427921,-1
236300,0
472843,2
585050,1
722000,-1
652221,0
157054,1
758676,2
842465,2
212791,1
695776,0
699957,2
232164,2
517116,0
930064,0
576283,0
265567,2
17842,1
798939,1
168339,2
106814,-1
825225,-1
360538,1
612554,1
853657,1
98480,-1
177484,1
777232,1
768047,1
881405,1
671404,1
329427,1
184153,1
859092,0
456205,2
280330,1
203075,1
272683,1
102279,-1
251364,-1
691018,2
171437,2
584523,1
352915,1
938918,1
118705,2
362862,-1
162835,1
684924,2
192051,2
302733,2
338757,0
964326,1
84507,1
785363,1
504198,0
232387,1
169990,1
191543,2
746266,2
389694,1
202010,1
693828,0
234488,1
933815,0
536804,1
568070,1
757915,-1
214113,1
430081,1
219191,2
154202,-1
265504,1
192317,-1
231203,1
921692,1
582394,1
103419,1
469177,0
67327,0
409807,1
576187,1
550239,1
648313,0
375610,0
288718,0
661607,2
440008,0
937627,1
721289,1
287145,-1
281673,1
886513,0
407091,1
42518,2
742525,2
118175,1
339939,2
746758,2
47529,1
750212,0
162028,0
937194,2
491132,1
474018,1
361042,2
799826,1
513377,2
329632,0
994041,2
721268,1
93850,-1
610899,0
418447,2
502706,0
910420,2
103571,1
338728,2
143979,1
908115,1
224771,-1
203179,1
784900,0
795672,2
197824,1
158701,1
863844,1
678273,2
291587,1
380473,1
144028,0
296369,0
100221,-1
353354,1
74660,0
359734,0
593537,1
461573,1
787803,0
498737,1
700957,2
504538,2
736901,2
651995,1
853083,1
582931,1
356177,1
140282,1
615437,-1
59916,-1
358757,1
144672,2
239716,1
661831,-1
795858,1
124164,2
129832,0
112460,1
242681,1
160144,0
422103,-1
546746,1
219843,1
151006,1
190868,1
994821,2
531825,0
35242,2
858151,0
432143,-1
12320,0
831941,-1
584499,1
524383,1
795138,1
152972,1
703808,0
620420,2
465164,2
384067,1
231989,-1
946557,0
154720,0
948569,2
435694,1
300631,2
702259,1
881456,1
870399,1
997972,0
662440,2
733984,1
578706,1
232381,1
20967,-1
277542,0
191551,0
11712,2
729970,0
937412,2
515785,2
27412,0
626724,1
718433,0
467242,0
127677,0
515849,2
962814,1
73851,-1
448294,0
388958,-1
88600,-1
815016,1
342255,1
315500,0
397781,1
497256,-1
900685,0
895026,1
837882,-1
857718,-1
645914,0
429221,0
733705,2
644143,2
168585,0
823781,2
732801,1
484639,1
144983,1
558804,0
78602,1
509354,1
59464,0
702425,2
194139,1
354470,1
697242,2
959223,1
925997,-1
964409,-1
552441,1
704720,2
637471,1
392090,2
429352,1
418244,1
212699,1
433115,-1
596894,-1
744616,0
700389,1
499577,2
939324,2
444327,2
899081,0
562893,1
430444,-1
590926,-1
301275,-1
341119,0
629890,-1
292105,2
598093,-1
578681,2
450187,-1
806371,2
377791,0
552683,1
310662,2
493968,1
213428,0
323918,1
659778,1
931821,1
466144,1
485827,2
576534,1
880020,2
983767,2
307996,1
901703,2
787373,0
488684,1
138535,2
116502,1
418892,1
695046,1
601032,1
260117,0
84408,0
438427,1
260358,0
564732,1
727187,2
126996,1
166715,0
941101,-1
963211,1
206732,2
754664,2
991119,0
573773,-1
733913,2
324298,1
286589,-1
452072,1
574560,-1
582553,1
387930,2
106633,1
209318,1
247440,0
645123,2
632243,1
41005,1
510964,1
126015,2
925313,1
946901,0
645629,-1
568781,2
966168,1
164600,2
76245,1
54719,0
7509,1
434728,0
68985,0
889229,1
617853,1
230037,1
598028,0
934017,1
204685,-1
275992,2
365621,-1
71091,0
972408,2
109470,2
79549,1
362284,1
87027,1
7240,1
703452,0
145197,0
1945,-1
712767,1
511943,1
228503,2
675038,1
850882,1
157092,1
993050,2
190667,-1
56081,1
320095,1
124432,1
929212,1
770494,0
759292,-1
726964,2
355876,1
932500,2
251875,-1
147687,2
124352,0
567215,1
47328,1
384546,2
714132,1
744069,2
904328,1
174271,1
946120,-1
340483,2
280836,-1
44911,0
438926,1
502640,-1
613771,1
295236,-1
651182,-1
113815,0
70411,1
770580,1
425733,0
952906,-1
859485,2
567060,-1
533881,1
470525,1
848469,1
568784,2
877185,0
168726,1
587093,2
987387,1
342669,2
725378,1
487075,0
344476,2
332836,1
767844,2
262960,1
71648,-1
529828,0
980495,1
389168,1
981338,2
795799,0
976940,2
96321,0
41753,-1
194110,0
504128,1
780124,0
356023,0
398872,1
345019,2
776169,0
359849,1
311294,0
618627,0
155605,0
397357,0
880594,0
282389,1
8701,1
646950,1
701935,1
867236,2
169205,1
677356,1
551956,2
239983,1
829555,-1
90918,-1
604275,1
172579,-1
9475,1
924591,-1
676803,1
715117,-1
795553,1
672587,0
273880,0
29004,0
596291,2
594134,2
684013,0
262766,1
332492,2
33218,-1
511329,1
626443,-1
76165,1
210055,0
145456,0
131138,0
864046,0
226831,1
641620,0
121792,0
593310,1
998283,1
366049,1
790955,1
484959,1
518884,1
444593,1
285948,1
262411,1
544648,2
181962,1
29667,0
101815,-1
484679,2
165310,1
991755,2
753084,2
645827,-1
797101,1
652094,1
415350,1
988696,1
254341,0
619928,-1
733556,1
874389,2
889535,0
18492,1
212156,1
446936,2
99337,1
366122,2
857685,0
752290,0
784519,1
841029,1
818114,1
391759,-1
218217,2
514458,2
725621,2
277280,1
960351,2
497022,1
673763,2
576817,1
113307,0
623916,1
650738,2
647394,1
764007,-1
732898,1
391659,1
175838,1
467890,1
648786,0
192616,-1
280107,0
231690,1
760479,1
220087,1
27968,2
435534,2
906542,2
682632,-1
807456,-1
985511,0
531101,1
405436,-1
477213,2
440967,1
334834,0
906815,-1
478680,1
184856,1
527493,2
562159,1
244745,1
642003,2
357986,2
46480,0
49925,2
979680,2
662792,1
75837,-1
943024,1
576033,1
345642,2
634597,1
743366,1
573632,2
292228,2
843750,1
510205,2
709542,1
228488,1
922831,1
579403,1
395851,0
440675,-1
714011,1
679588,0
154261,1
701991,1
78214,2
807282,2
668050,2
734739,1
385189,1
413920,2
651019,-1
255286,1
258396,1
931784,2
79989,-1
628610,1
439993,-1
898414,0
681341,2
150769,2
710936,0
616628,1
811994,1
556747,2
843257,1
99188,1
427006,0
97899,1
706552,2
717134,1
920814,2
583327,2
738594,1
506262,-1
63123,1
929360,1
741854,1
305707,1
837793,2
742000,1
918334,1
956244,1
493656,2
155104,1
598173,2
693350,1
858955,-1
648396,1
381704,1
761694,-1
880806,1
227080,2
623268,0
983828,0
802279,2
987980,-1
211241,2
265042,1
174321,1
461455,1
399200,2
52238,1
619713,1
219773,2
276473,2
868018,2
758458,1
929280,1
589155,1
266361,1
914494,0
560119,1
486451,1
881623,-1
219667,-1
380317,0
221371,1
37074,1
713540,1
548241,1
611865,0
987116,1
322192,2
216069,1
629946,0
13575,1
811195,1
265187,1
664758,0
682704,0
403445,-1
254631,1
616375,0
772787,2
964612,-1
126727,1
804398,2
904502,1
771068,1
996118,0
48173,0
210227,-1
236789,1
70995,1
706649,0
785152,1
905971,1
895249,0
637993,0
626143,0
181536,-1
462251,1
146057,0
186483,1
955391,2
627421,1
677657,2
109807,0
2354,-1
596661,2
697797,2
449687,0
89035,1
934819,0
474445,1
499061,1
222175,1
816137,1
958446,1
451394,1
988130,0
39619,1
531092,2
970953,1
6685,2
57260,-1
339478,0
854673,0
391664,1
105187,1
489312,2
605384,1
345792,1
498080,2
442883,1
366507,1
268424,1
548053,0
816356,1
319790,1
406053,2
749147,1
860970,0
848457,-1
163149,1
133966,1
800062,1
702964,2
44870,2
370116,2
264,0
691694,2
386234,-1
622990,1
761421,2
550240,0
18557,1
880977,1
900311,1
290640,1
834981,-1
805937,1
5660,1
937229,2
602273,1
756623,2
314251,2
859126,1
625840,2
628722,0
31683,2
637301,0
861106,1
962504,-1
413768,2
509887,1
252731,1
795288,0
710479,0
174945,0
579830,2
229717,-1
144271,2
379189,1
290199,0
200446,-1
128390,1
699939,-1
108841,1
312441,2
864148,2
950584,1
961196,2
685323,0
805401,2
698939,1
814000,2
58299,2
23273,0
995061,1
676193,1
546056,2
655182,1
69773,1
587608,2
17138,-1
280642,1
371093,-1
779346,2
818106,0
318382,1
767509,1
777623,0
107387,1
130632,1
187272,1
566063,1
286832,1
63870,2
128230,1
197323,2
716749,0
957299,2
274019,1
203658,0
191203,1
267003,2
716822,1
375666,0
823132,0
377725,1
18572,1
356855,1
105902,2
827866,1
478653,0
349139,2
68048,0
635269,0
363713,0
87799,1
915713,1
609213,0
1868,2
777800,1
574642,0
858064,1
638221,0
480115,1
596549,2
573227,1
667910,2
269505,-1
681429,-1
980390,0
904230,-1
261374,1
889016,-1
1873,0
427871,0
574530,0
602979,1
347948,2
282595,-1
412481,2
380725,1
63535,1
734774,1
179529,1
633917,1
894682,1
158195,2
763806,2
848639,-1
194609,0
865198,1
565875,1
496725,1
953477,2
630968,1
737186,1
526033,0
404501,0
558384,2
904548,1
328893,-1
455263,1
411075,1
370060,2
116665,0
432933,1
608567,0
908282,0
66979,0
599838,2
543212,-1
885689,-1
443882,1
876929,1
887643,-1
624540,2
34911,1
580022,2
198211,1
630440,2
542738,1
871903,1
716228,2
406230,1
668064,2
314274,-1
257686,2
101227,2
25290,2
375891,1
34010,2
40365,1
853758,1
788125,2
213338,1
180139,1
55654,2
834951,1
627875,2
251339,2
440126,1
272326,2
644600,1
398471,0
802594,2
573749,0
52505,2
434584,1
438631,1
427939,-1
915148,1
860272,-1
368060,1
774835,2
354242,2
570617,1
70495,1
135174,1
682907,2
372076,2
367591,1
815570,2
629181,1
829720,-1
221249,-1
819991,1
237193,-1
541924,0
27354,0
91111,1
182572,1
84978,1
353319,0
760882,-1
166329,0
640783,0
328610,-1
7783,2
610090,1
880345,1
259391,1
254046,0
483168,2
634613,1
794011,2
864337,1
804186,2
188819,2
133114,1
302105,0
879752,1
536387,1
193423,1
657857,-1
380045,-1
594314,0
570237,1
670097,1
918209,-1
837336,-1
74832,1
599202,1
345439,-1
597691,1
623359,1
154926,1
543345,1
47506,0
968726,-1
417810,0
143490,1
378655,2
946596,0
35342,2
622888,1
832165,1
192832,0
97549,1
495487,1
766048,-1
939033,1
138800,1
228761,0
574754,1
626985,2
433348,-1
192355,1
963107,-1
999981,1
617958,1
952959,1
959362,1
192609,1
66246,1
358555,2
813493,1
382756,1
199914,1
266290,2
553116,2
993994,1
660130,0
589516,1
46337,1
514759,0
162622,2
644185,1
739106,1
971561,1
659698,2
151215,1
416432,1
769917,1
788844,1
492700,1
425952,-1
235477,2
527302,-1
958454,1
602185,0
532355,-1
421607,1
479614,2
438859,2
543088,1
462257,2
590371,-1
10969,0
589424,-1
464478,0
429596,1
798448,1
23909,1
376272,0
923193,2
823747,1
457355,1
347052,1
66502,1
299715,1
312547,1
826591,2
230066,1
907342,2
185909,2
964603,1
652858,2
673484,-1
659850,1
325061,0
91808,0
123801,2
513943,0
860175,1
815056,2
486326,2
855450,-1
240653,1
757775,1
650557,2
610842,-1
399725,1
348551,2
83045,2
70637,2
237678,0
222133,1
865701,-1
68152,-1
767679,-1
389088,2
575093,2
755276,0
125235,2
117833,0
850199,2
665252,1
354103,2
85482,1
96215,1
420392,2
836749,1
96112,0
442655,1
493632,2
250104,2
431638,1
260943,-1
28195,-1
228403,1
434759,1
609858,0
726626,1
836744,0
387382,0
566453,2
43761,0
815572,1
127076,0
350807,1
37942,1
367769,1
374290,0
181464,2
806379,2
61948,1
531906,1
658791,0
322278,-1
901920,1
963328,-1
405596,1
11922,0
74085,1
616402,1
280716,2
798339,1
133412,1
739578,1
480835,1
529150,1
174969,2
278166,1
773548,0
737855,2
410542,2
211669,2
423622,1
708256,0
448983,1
186031,1
169019,0
101779,2
650180,1
926550,0
138491,0
391450,2
934166,-1
697839,1
720023,1
971780,1
748213,1
926054,0
308665,-1
210959,0
757381,1
519967,1
517695,1
828619,2
786684,0
654141,2
26799,1
291929,2
482170,1
853745,1
300939,2
510814,1
167713,2
265139,1
155267,1
228872,1
384335,-1
813193,1
38282,2
183876,1
720812,1
109534,-1
259492,0
246290,-1
763749,2
642286,1
867952,1
8216,2
320110,-1
21464,1
310567,0
615005,2
53859,-1
297063,-1
264190,1
443998,-1
757742,2
754862,1
725854,1
890956,1
321055,2
634254,1
235754,2
558955,1
65287,0
484377,0
10455,1
286352,1
113454,1
461270,2
488570,0
887186,2
758368,0
814188,1
8804,2
919559,0
902551,2
836655,2
259266,-1
843290,1
89878,2
177737,1
709915,0
538854,1
916160,1
226541,1
138347,2
189907,1
835957,2
2453,1
288234,0
892628,2
347594,0
235588,1
468709,-1
475853,1
508767,0
141974,1
505807,0
966179,-1
800564,2
897987,2
566665,0
31082,0
893407,1
497793,1
271869,0
952902,2
249204,0
425573,2
857643,2
970991,1
820814,-1
771165,1
522475,-1
134378,2
208843,2
781292,2
488788,-1
56755,1
677231,2
430403,1
492666,1
690704,1
86820,1
729700,1
910595,0
627411,2
544675,2
236936,2
707145,-1
723320,0
534852,2
585851,2
789872,1
489844,-1
626956,2
520654,2
466279,-1
615839,1
340614,1
578623,1
986836,1
699946,0
491981,0
302985,-1
821321,1
872096,0
83112,1
916902,2
74318,2
41781,1
108426,2
540514,1
350015,1
504130,0
569630,1
48076,2
582428,1
678581,2
933542,2
204455,-1
483251,2
101551,1
596456,0
98551,1
136985,0
378502,0
661017,-1
631081,0
397495,2
429301,0
653053,1
873776,1
85162,0
721865,0
142098,2
957871,2
885270,2
63750,1
258944,0
86728,1
70534,1
790364,1
643306,0
298528,-1
240070,2
445578,-1
678471,1
112618,2
838761,-1
604353,1
355764,2
829347,2
157025,1
528161,0
439782,1
412030,-1
764877,0
53914,1
197159,0
87861,1
626983,0
852887,1
130659,1
532269,2
721124,2
207930,0
555759,2
971279,1
303159,-1
507693,2
465871,0
934290,2
182683,1
825197,0
436717,-1
866022,1
113016,0
244750,0
502527,1
162559,0
463464,1
763405,-1
18702,1
238567,1
704788,1
651389,0
744950,2
129143,2
384556,-1
76106,1
256890,0
520293,0
889555,0
746129,0
427951,2
731007,0
429288,1
20860,1
993045,1
176478,2
895762,1
569333,0
212305,1
725658,-1
728982,0
933352,1
484356,1
255786,1
829635,1
334593,1
188684,1
815072,0
442122,-1
36020,1
421230,2
627623,1
980821,0
781008,-1
645631,1
163845,1
949415,2
284280,2
961923,1
138561,1
935550,1
832262,2
712116,1
713337,2
784039,1
702165,0
738465,1
132050,1
499967,1
367567,-1
623626,1
825528,1
375901,1
810713,0
712277,0
102007,1
187527,2
378155,1
634492,1
675346,2
901159,2
466180,1
915897,2
804521,1
145454,2
178673,2
617471,1
875322,1
129150,1
622678,0
21744,1
704991,1
519115,2
380592,2
268542,1
291316,1
338268,1
239293,-1
531330,-1
300066,1
50540,1
113908,1
585990,2
752092,1
79291,1
347916,0
864940,0
7787,1
629207,1
575917,1
432436,1
597885,2
173756,-1
867822,1
278415,-1
528119,1
118755,2
356576,1
748080,1
51429,1
698409,0
388085,-1
307283,-1
704405,1
812733,0
717339,2
293579,-1
406738,0
228132,0
286368,1
577734,1
135143,2
620854,-1
369683,1
323400,0
417301,1
436059,-1
721249,2
773767,2
333656,0
568768,2
43272,1
938568,-1
172948,1
983276,1
803312,1
76720,1
511620,2
512613,0
984860,2
95573,1
850914,1
482213,1
269621,2
193531,0
595368,2
107866,2
469303,1
818727,2
635858,2
965686,0
299643,0
624867,0
304109,2
88015,1
26930,0
764165,0
830407,-1
533945,2
832256,2
730474,2
142120,2
52465,1
970804,1
415836,2
605423,0
472333,-1
248830,-1
47690,-1
816723,2
278217,-1
204745,2
100347,1
17989,0
385330,1
659215,1
575962,-1
41877,1
147107,0
12509,0
873931,0
961460,1
991948,2
882799,1
597075,0
397560,0
922131,-1
516390,0
36679,2
355749,0
111961,0
333377,1
519677,1
292196,-1
200571,0
532693,1
696374,1
36398,2
963871,2
760952,-1
507103,1
243383,0
51662,2
788143,1
193781,1
102407,-1
76051,2
41988,2
29210,0
733080,2
985373,0
872691,1
49560,0
198799,2
601351,0
767895,-1
88166,0
272120,-1
761653,1
439734,0
225986,-1
271947,1
20794,1
172350,1
93349,2
207577,1
193393,-1
919838,1
303267,1
215238,-1
753001,2
860932,1
731781,0
772579,0
945782,0
565594,1
668399,1
187894,2
24733,1
127237,-1
57546,1
813037,0
365946,2
486202,0
226177,-1
83339,2
475772,0
733562,1
672377,2
325473,2
960228,2
338453,1
303865,1
984308,1
176390,1
110266,1
723823,1
713426,1
65837,1
959568,2
259915,2
414319,1
734239,1
951585,1
991551,1
538053,1
159032,1
760242,1
511303,2
205139,1
713411,1
404299,0
520934,2
962258,1
589683,1
879487,2
595853,-1
893537,1
510701,0
506168,2
935401,1
172217,1
107737,0
843898,1
75963,1
792583,-1
788850,-1
171453,1
721682,2
504393,1
457122,1
967876,1
778564,1
384288,2
918649,1
932202,0
596826,-1
533476,0
510491,1
542316,1
994967,0
19929,1
600094,2
415619,2
954438,1
68040,-1
621500,0
219085,-1
511936,1
24310,1
92102,1
606534,0
71316,1
680063,0
322709,1
489062,1
508651,1
727703,0
4932,1
962717,-1
261801,0
235490,0
526141,0
464597,0
402932,1
874966,0
38647,1
874952,-1
45839,1
11704,-1
415601,2
62116,2
857982,-1
270552,1
916824,0
195763,0
580302,1
746004,1
21524,2
756045,-1
291523,1
168193,2
951740,1
719914,0
221414,1
46653,1
682720,2
358950,0
287098,1
98062,2
129794,1
881908,1
346851,2
420600,1
496637,1
184565,0
806189,-1
309088,1
377531,2
767728,2
366827,0
268773,2
434121,1
416182,2
768348,-1
451039,-1
141243,0
400389,1
984894,1
844684,-1
413599,0
366303,0
934357,1
710000,1
76567,0
273418,0
169343,0
158615,1
568416,1
529243,-1
951670,1
163851,2
111020,0
222806,-1
504194,1
403341,-1
409964,1
164886,1
575926,1
50353,2
511508,-1
824922,0
306457,2
791734,0
320087,0
389556,1
7867,0
266834,1
297246,2
972720,1
832558,-1
973815,1
121239,0
173190,2
347349,-1
801067,1
554970,0
942489,0
318547,1
433231,0
214255,1
964352,2
296345,2
369301,1
786938,0
248151,2
706539,0
243277,2
1848,1
988928,2
829412,1
876162,0
983975,1
920807,1
857409,1
642964,1
740115,1
287561,0
65414,1
115578,2
996029,2
530221,1
390917,2
879745,1
664859,2
29179,1
329827,1
76057,1
815249,1
516224,1
879490,1
870513,1
447999,1
282117,1
551584,1
896735,1
378299,1
362462,1
817340,2
339234,-1
384300,2
372535,1
481501,-1
22762,0
485119,2
960924,1
1286,1
484608,0
96406,0
119877,1
704187,1
639303,1
226794,0
466728,-1
267290,1
197811,-1
192879,0
541183,1
268167,1
222652,2
389701,1
778178,-1
899742,2
611148,1
412287,0
154379,1
337433,2
4992,1
952134,2
614950,2
433589,1
431329,2
973104,2
345041,2
9154,2
159443,2
328167,0
410690,0
560172,0
475421,1
693871,2
765176,1
473084,1
948517,0
614570,0
240361,2
179722,1
221023,2
147626,1
82010,0
660216,2
954078,2
201149,-1
362596,2
306287,1
480623,1
83287,2
860488,2
659668,1
443467,-1
401669,2
605414,1
411340,1
6215,2
34173,1
927611,1
417370,1
829063,1
955137,2
974180,2
513478,2
63637,1
3608,1
143481,2
279637,2
12633,1
91354,2
456539,0
103459,1
724466,1
917465,1
677645,2
625671,0
368134,1
418287,1
830297,2
850990,1
99241,1
713539,1
776332,1
611692,0
378145,1
692646,1
551222,-1
41841,-1
676647,2
964118,1
829668,1
416481,-1
585188,-1
119077,2
122135,-1
541838,-1
176060,0
864487,1
751214,1
219125,-1
660479,2
490868,1
826967,-1
129768,1
750892,1
720402,0
453224,1
704902,1
796499,2
533138,0
751954,1
654466,1
379806,1
584321,1
21580,1
628187,2
604103,0
324896,1
403714,0
679294,2
288757,0
885811,0
87060,0
226855,2
208873,0
385795,1
36354,0
231516,0
898881,2
439774,-1
41702,0
697039,1
118268,1
230412,2
401943,2
317235,2
190442,1
324957,2
211902,2
719624,0
422031,1
941377,1
125441,1
242012,-1
242306,2
342079,1
656786,1
665159,2
449945,1
879883,1
749307,0
66606,2
635824,1
810058,2
281353,0
708472,2
819973,1
867318,2
608853,1
972226,0
800498,1
793922,0
198481,2
252111,1
325911,1
485103,0
672238,0
18275,2
144361,-1
995474,2
392717,0
308265,2
39492,0
69444,1
12457,1
212664,1
816340,1
606236,2
194914,1
216293,2
303599,-1
343159,1
206331,0
524269,1
434114,0
86292,2
987282,1
562537,-1
404732,-1
764897,1
816811,0
377492,1
46126,2
637184,2
432808,-1
314173,1
515732,0
838114,-1
66701,-1
621746,0
266646,1
560557,2
793372,2
913750,2
139199,2
420137,2
292903,1
651987,-1
157858,2
270569,2
362026,0
443999,1
588978,2
211628,1
609004,1
482845,1
598339,0
943724,-1
794232,1
272594,2
899087,-1
429784,1
760840,1
28149,-1
808742,1
150908,1
768682,1
820329,1
173226,-1
259838,1
368871,1
855825,0
786513,0
156853,2
789157,2
5991,-1
734105,0
30992,0
467775,0
111368,1
973179,0
861404,0
95859,2
640918,2
222268,2
715936,-1
615609,0
964807,2
950784,-1
754178,-1
897363,1
389753,-1
968374,1
610718,2
821120,2
792286,-1
306378,1
944027,1
672988,2
926873,-1
576218,2
614007,1
548378,0
768017,0
654397,1
235861,2
391370,1
186071,1
824006,1
663965,1
823710,1
378005,2
730502,-1
314573,2
385871,-1
434233,0
802739,0
521973,-1
875614,1
307688,0
331041,1
901681,1
465021,1
247820,-1
203128,1
229310,1
227668,2
970187,-1
948579,1
240077,-1
792835,-1
541891,2
376905,1
420718,0
462840,1
88860,-1
83832,0
739920,1
787253,1
105649,0
4602,1
765248,1
112884,1
732506,0
666883,2
539233,1
715698,-1
694079,2
6025,1
422546,0
926173,-1
303801,0
179173,-1
339152,1
225522,1
277373,1
413184,0
607498,-1
811297,1
72944,1
868808,1
668850,2
394292,2
222476,2
571858,2
676920,0
171213,2
231952,1
644763,0
711281,1
329512,1
351285,0
780051,2
494771,2
276685,-1
458846,1
5049,1
966777,1
610678,0
821446,0
987377,1
766106,-1
169484,2
260149,1
593061,1
734995,1
209613,-1
626252,2
667510,1
743735,1
805447,1
323315,-1
568282,-1
637648,1
84755,1
755282,2
704830,1
396421,1
479893,-1
959482,-1
970686,-1
221268,1
144987,2
937007,1
325308,2
550486,1
583351,-1
737106,1
6394,1
867691,1
786510,0
157931,1
532896,1
826598,1
799476,1
776730,2
880076,1
278774,1
144722,2
821217,-1
457259,1
39408,-1
464147,1
693720,1
401381,-1
382649,2
327761,1
999519,1
109855,2
139161,2
573474,0
276329,0
191012,1
338409,2
598434,1
318459,2
285434,1
296356,2
162435,1
476311,0
603693,1
909464,0
183481,1
749966,0
642063,0
191936,1
516300,1
201656,0
689131,-1
210664,1
715905,0
546018,0
316131,1
780104,0
941293,2
966698,-1
331959,1
675148,2
495010,1
785573,1
992003,1
292482,0
316399,-1
207963,2
915900,1
656892,1
295105,-1
36492,-1
597849,1
473441,2
576935,2
840716,2
777967,2
974517,0
832211,2
423131,-1
836914,0
82167,0
969815,0
804703,1
457817,0
685085,1
646257,-1
624130,2
582559,0
423169,0
657337,-1
88960,1
269970,-1
105374,0
482268,1
782859,0
592629,2
336497,0
57312,2
402798,-1
324231,2
58998,0
922240,-1
724277,0
122922,0
592514,1
77165,1
468630,0
621373,0
398635,1
559697,0
214414,2
619976,2
455298,1
660578,0
643036,0
913457,1
287368,0
813930,1
307025,2
551415,1
689333,-1
611269,2
935392,2
897868,-1
236645,0
77481,2
618553,2
633595,1
655062,0
699074,2
195308,1
595210,1
945743,0
191854,2
987819,2
397016,-1
308507,0
43551,1
240695,1
286168,-1
915509,1
869683,-1
295238,0
273952,1
584394,1
195900,1
715663,-1
851063,1
393719,1
285491,0
474768,-1
988237,1
422929,1
531642,2
245695,2
879694,1
420847,1
442565,1
232430,-1
398214,2
394365,0
426338,2
330020,-1
785007,-1
972338,2
942593,-1
961346,1
764846,1
669522,1
319959,1
181107,1
408404,0
523048,0
101999,0
172983,1
671524,0
849739,-1
346827,0
476615,2
895125,-1
92275,0
784034,1
463466,-1
541545,1
229217,2
486638,1
318073,-1
238027,1
123946,1
926635,1
957341,-1
331416,2
912415,0
737710,1
123939,2
197071,1
355991,0
939791,1
35780,1
238540,2
578043,2
559830,0
663080,1
637989,0
609853,-1
688250,2
573526,0
122197,1
698843,2
978695,0
276003,1
180966,2
640355,0
528396,1
838575,1
224086,0
25107,0
941017,2
83294,1
488157,0
280143,0
234739,2
580721,1
907765,2
556068,1
212700,2
353721,1
675982,1
339284,1
191301,2
168885,1
732303,1
793043,1
699639,-1
312517,0
352208,1
266989,2
901063,2
675882,0
320560,2
245351,2
522325,2
703585,1
641049,1
45110,2
414797,2
269667,0
242813,1
367599,1
654104,1
894232,1
287449,1
573969,1
573083,2
543358,2
672556,2
761778,2
790474,0
576012,2
391509,2
766952,0
37858,0
703952,1
840146,-1
317102,1
663313,1
350256,1
302864,1
950748,1
559829,0
316929,0
885671,0
926884,1
151033,2
956089,1
578319,0
502372,1
55085,-1
844569,1
657020,0
327419,2
774068,-1
215327,2
53274,2
165384,2
216655,-1
895964,2
658815,2
392139,1
303725,1
95260,1
29266,2
941438,1
786762,1
687815,2
58178,1
892211,1
38872,1
6715,0
115420,1
564035,0
655450,-1
536531,2
558684,1
521553,1
702061,0
270836,0
579324,-1
186889,1
813889,2
864478,2
879657,1
748146,-1
273325,1
52520,0
620251,1
967986,2
255772,2
124459,1
778658,1
730026,1
524315,1
808795,1
410560,-1
736913,0
585868,2
860621,1
911013,-1
350251,2
583294,0
237397,2
810871,1
302920,1
826197,-1
552138,0
948170,1
734002,1
381149,1
87066,1
393025,-1
242100,-1
73720,1
248576,1
757481,-1
949825,1
122392,1
454520,0
246599,2
587755,2
696011,2
702158,1
577157,2
779146,1
361064,2
568478,2
293138,1
886852,1
641390,1
309204,2
861978,1
65678,-1
37161,2
44459,0
212306,1
15931,2
839468,1
206409,1
80465,0
902010,1
184219,2
45607,2
337771,1
89645,0
414134,2
357355,0
783782,2
537334,2
818133,-1
314957,2
793240,0
903549,1
505388,1
903516,1
830608,1
708649,0
699265,-1
199279,0
423050,1
84479,1
692437,1
511157,0
134111,0
457774,2
444789,1
28139,-1
532892,2
896668,1
807831,0
566437,-1
122276,1
330625,2
459982,2
37020,1
248792,2
67871,0
818267,0
899530,0
598012,2
105391,0
734981,-1
194458,1
525857,1
299185,2
303968,1
623420,0
491902,0
405671,2
283285,2
314315,-1
342649,1
811594,1
877953,1
250020,2
482420,1
811970,1
410045,1
768287,1
10140,1
381026,1
824589,1
566239,2
168376,2
925405,1
175224,2
761939,1
701364,2
634818,1
691110,1
386807,2
885006,2
486755,2
335914,1
961423,2
48070,1
86376,0
857017,-1
70184,0
808139,2
348386,1
924242,1
686843,2
49160,2
302490,-1
183669,2
945556,0
664348,2
556462,-1
643411,2
428375,1
855864,1
566490,1
830535,2
382,2
373785,1
734921,1
171713,-1
556800,1
88973,-1
658337,-1
4709,1
877084,2
445620,2
270537,1
703375,-1
46873,0
899754,0
795861,-1
812551,-1
535591,1
80055,-1
570775,1
607294,2
346257,1
834872,1
214043,-1
613413,-1
1960,1
591346,0
716050,1
449744,2
746121,2
576177,1
742262,1
603256,1
995594,2
491003,-1
258024,1
132811,-1
739061,1
515952,1
622935,2
448716,0
357570,0
459647,0
694067,2
342342,0
458106,-1
943571,1
592617,0
847809,1
676499,2
393921,0
307201,-1
814178,-1
33055,0
316616,0
246745,2
28308,1
793207,0
334667,1
805610,1
747215,1
124201,-1
360821,-1
461119,0
301741,2
491775,0
930852,-1
208706,0
54869,1
62066,1
10993,1
629210,2
483522,1
810782,1
801097,0
117955,0
857587,-1
756775,1
886329,0
629213,2
130697,0
412538,-1
34139,1
149935,1
813785,-1
74650,0
465837,1
353152,1
331104,2
56069,1
723413,2
243069,2
482844,0
516277,2
634035,1
331193,0
474759,1
488620,0
839352,2
391234,1
313648,2
659109,1
662221,1
296437,-1
193971,1
787920,1
535511,2
769581,0
349431,2
929265,0
795123,0
155398,0
725497,0
235678,0
369892,1
989976,1
685160,1
345451,2
875429,-1
588854,1
398409,1
142668,1
868078,0
449764,1
194389,1
465891,-1
861701,2
668682,-1
859322,1
397319,-1
662170,2
447574,1
550614,1
434903,1
939644,1
629964,0
822224,0
372060,0
575133,2
996535,0
627536,1
773818,1
943559,-1
910094,1
40552,0
949845,0
893456,2
799680,2
478024,0
249709,1
815643,2
10542,-1
313029,2
551318,-1
682768,1
541054,2
921977,2
40585,1
2551,1
3449,0
306708,0
33638,1
340490,1
371368,2
403307,2
443723,0
917808,1
109773,1
964844,-1
875387,1
807641,-1
190559,0
929097,1
216996,-1
305367,-1
560286,1
643108,1
991972,1
65425,1
336322,1
126840,1
66121,1
619287,0
124378,0
587313,1
447439,2
699344,2
700265,2
201084,1
787460,1
772476,0
999493,0
649075,0
754715,1
20118,1
606310,-1
629888,0
138102,0
966636,1
260253,1
837801,1
411449,1
46829,2
422748,2
703922,2
329328,1
604545,0
194969,1
386862,-1
778479,0
25665,1
587685,1
154455,-1
810205,2
429754,1
497142,0
332117,1
689977,1
15344,1
348067,1
445232,-1
110434,-1
23501,2
745898,0
348993,1
86112,0
847851,1
609103,1
839077,1
257291,1
529894,1
589853,1
916547,2
479855,0
715783,-1
764927,-1
784447,-1
862004,1
788502,2
905470,2
59972,2
558929,2
749131,2
33039,2
692983,2
456800,1
167743,2
206677,1
76347,1
975857,2
900572,1
776019,2
315754,1
618247,1
854472,1
767416,2
824297,1
226628,2
384950,1
470743,2
628227,1
569901,2
183605,2
39796,1
967810,2
842975,2
829262,0
43283,1
263778,0
544747,2
160865,1
870306,2
317941,2
242541,1
264786,0
502689,1
175518,-1
966995,1
58075,1
936594,0
945413,1
956383,1
796714,1
994587,-1
855668,0
632029,1
99436,-1
498187,1
459281,1
314913,1
343021,1
761759,1
9180,1
118420,2
144978,0
259239,1
597539,1
803311,0
678530,0
738379,-1
784916,2
723261,2
520511,1
318150,1
347280,2
658258,1
834309,2
742929,1
957353,2
892508,1
629115,-1
45783,2
374554,2
533692,2
239498,-1
31211,2
236762,-1
499387,2
372368,0
264138,2
76328,0
114951,1
814831,-1
268297,-1
87226,0
145525,2
742467,0
733277,-1
556429,-1
984662,1
863695,1
718856,1
556202,1
458662,1
4008,1
65794,0
308686,2
77619,1
986237,1
536921,2
327880,0
519276,1
344602,1
369696,1
183392,0
21776,2
103782,1
395442,-1
528923,1
203021,1
210803,1
244909,2
201132,1
333838,0
242928,1
549548,2
971087,2
198173,1
507787,0
744350,2
989276,1
464956,1
825104,2
893902,2
790917,1
939067,1
44875,2
725908,2
162327,-1
857432,1
512973,1
665155,2
481258,0
101492,2
282384,0
563804,-1
380930,0
63274,0
796774,2
642040,-1
500526,2
671048,0
486218,1
511422,1
165759,0
645301,0
710223,0
990571,1
569637,0
721243,-1
548509,2
274643,1
695145,0
255777,1
593154,-1
502769,2
599372,-1
579198,1
174276,1
952316,2
146567,2
519007,1
497620,1
83071,2
316882,2
441233,0
534393,0
313809,0
515011,1
53376,0
449332,1
358684,2
910878,-1
683328,-1
632209,1
63394,1
258494,-1
17146,1
113406,0
791872,2
30382,1
468651,0
807521,-1
844696,1
37056,0
697676,2
108031,0
863487,2
550647,1
872306,2
368994,1
987129,2
293586,1
659119,2
489550,0
688476,2
557113,-1
458344,1
343594,1
423020,1
3462,1
256331,2
182779,1
726997,0
839310,2
366691,2
793782,0
761451,2
529987,2
880139,1
907108,0
95023,1
340565,1
313583,1
91110,0
674536,1
725981,1
791988,1
10750,1
70886,0
568043,1
148204,1
955877,1
710384,0
700357,1
403622,1
379890,2
214790,1
673915,2
599658,1
514363,2
12212,1
37585,1
269742,2
561455,-1
233339,2
734564,2
152162,1
652743,0
842866,1
829108,-1
427747,2
385763,0
867962,1
584277,1
977469,0
4565,2
596205,0
106146,2
194447,1
935981,2
382689,1
877209,0
951367,1
886593,1
413497,1
168716,2
779455,0
209806,0
556990,1
55922,1
393562,0
980856,1
921808,2
463431,0
574520,1
116121,0
43620,0
941858,2
977028,2
127189,1
997627,1
146296,1
68755,2
969351,1
666496,1
742828,1
594821,1
248163,1
212783,2
530408,2
271077,1
29116,1
97327,0
103934,1
5281,0
966764,1
833394,1
769034,2
427885,2
101015,1
135053,2
445073,2
594718,1
485337,2
652031,1
295823,1
898107,1
621822,0
593768,1
724899,-1
87739,1
830073,1
142961,1
61106,-1
221043,1
696913,1
295268,1
753928,1
649950,-1
238297,2
265204,2
19559,2
305511,1
992050,1
346418,1
82564,1
212312,1
150821,1
680282,1
711087,0
883893,1
360801,0
578270,1
788765,-1
684593,2
177297,1
658714,1
946725,1
935871,0
453781,-1
370318,1
702503,1
278400,1
944133,1
647470,1
475065,1
592615,2
579070,2
134505,0
642708,0
167603,0
555272,1
743195,1
959807,1
217024,1
443267,0
397017,1
596814,0
533952,2
800696,0
112363,1
988128,0
759592,1
684206,0
159362,2
246328,2
304396,1
54264,1
908329,1
849716,2
424570,1
133226,-1
624182,2
847038,1
534999,1
514432,0
489534,1
417355,2
714692,-1
250868,2
192977,1
645212,0
903171,2
214224,-1
332795,-1
230188,1
957788,0
102140,2
574414,-1
471592,0
782767,2
151657,-1
324578,-1
999173,1
741669,1
934059,1
219327,0
640084,1
865195,1
577052,0
507163,0
408984,2
639773,1
479385,2
169503,1
110462,1
251179,2
969955,2
933588,2
365700,1
267452,1
797195,1
280489,1
149414,-1
942202,0
603517,1
326443,1
292224,-1
521526,0
960021,1
806425,1
231162,0
568815,1
966665,2
360405,-1
495872,1
320667,2
66860,2
581466,1
248539,2
108857,2
644838,0
474280,2
787055,0
277933,2
273967,1
556307,1
807648,0
51870,1
94877,-1
116574,2
399562,2
730487,1
951265,1
926505,-1
170438,0
372720,-1
591257,1
165101,2
152577,2
288444,1
57552,2
643771,0
958204,2
320134,0
210202,2
120685,2
326563,0
265061,1
764221,1
177961,1
106628,2
282903,2
981255,1
697050,0
699241,1
646970,1
695251,1
832086,-1
152329,2
561889,1
590212,1
914020,0
675260,0
307271,1
738307,0
670025,0
140016,1
973171,2
732909,1
153191,1
716583,-1
422296,-1
293089,1
134300,1
892921,2
465699,0
609512,2
580483,-1
176298,1
884073,1
172648,1
395722,2
351392,-1
721553,1
681784,0
385663,1
844602,1
888673,1
976202,0
846688,1
954728,1
618950,1
762599,0
539961,1
550361,1
407571,0
656096,0
378318,1
967793,0
75392,1
177800,1
408225,-1
680118,1
297379,0
527068,0
434966,1
900632,0
130158,1
341406,-1
522679,1
483207,-1
221942,1
587012,2
441095,2
536195,0
43396,1
991333,0
542338,1
966161,1
209660,1
653577,0
357971,-1
407024,1
94220,2
638817,1
194215,1
856259,1
614917,0
621121,1
278551,1
106543,-1
637263,2
868154,1
928749,1
311979,1
299209,-1
838786,1
740050,1
618306,2
125116,1
943217,-1
556335,0
522328,1
708449,1
76467,1
713495,2
317157,0
874864,1
769447,2
723661,1
169776,0
341817,-1
279315,-1
56671,0
586033,-1
424489,1
670559,1
813882,1
743424,1
998561,1
35843,-1
148459,2
141814,0
899926,1
66867,1
249425,1
827222,1
933298,0
717876,-1
76495,2
170533,1
278,1
614316,1
215952,0
486044,2
565883,1
333596,1
774118,1
759320,1
729321,1
734928,0
996973,2
263240,1
967543,1
88271,0
51682,1
765829,0
526501,-1
538022,1
464819,1
743385,1
352378,1
896685,1
344913,-1
103328,1
317955,1
323535,2
884118,1
907600,2
319388,2
94543,1
906238,-1
166594,-1
498008,2
20718,0
137232,0
576299,1
213588,0
745401,-1
490678,0
407623,-1
57607,1
874698,1
708834,2
698181,-1
789444,0
846358,0
726457,-1
721486,2
85593,1
612031,2
338459,1
11187,0
64779,-1
257851,1
222681,1
85769,2
491695,2
69652,1
978637,1
194315,0
842272,2
566358,0
836624,0
896889,1
928128,1
32619,1
4454,1
300730,0
462746,0
18230,1
762818,2
786587,1
709164,2
310079,-1
300903,-1
311755,0
52324,1
756349,2
360063,1
679442,0
121576,2
491908,2
660702,2
728978,-1
849682,1
548683,1
277746,0
912506,2
261231,2
481398,2
529619,2
864134,1
764226,2
257799,-1
366010,1
578643,0
857669,1
478994,-1
673788,0
836471,1
5195,2
744071,2
819993,1
105033,1
577219,0
451731,-1
839701,-1
873740,2
103273,1
829729,0
687709,1
975580,2
992939,0
755969,2
425274,-1
449925,-1
673834,1
242524,2
699239,-1
964461,1
189638,0
440494,1
286814,1
947754,1
611158,2
930418,1
881582,0
321503,-1
978268,0
90863,2
461856,1
159752,2
893413,1
97582,2
70433,1
54251,0
202195,1
410018,2
505784,-1
273223,1
886247,0
938271,1
943867,2
131809,1
617622,1
377222,1
477261,0
640045,1
965900,2
19444,1
359565,1
608805,2
232495,1
123701,2
817217,2
635161,1
247020,2
617451,2
938781,1
30759,1
705452,1
349996,1
119394,1
896443,1
719233,2
607289,1
303795,1
123568,0
287032,1
914400,0
24611,0
441152,2
100465,1
257636,2
587932,2
323729,0
50830,2
599546,1
552116,1
878865,2
494211,1
803869,1
882581,2
535734,-1
995446,2
318172,1
51166,2
801017,1
447285,1
735991,-1
100505,1
72085,-1
844827,2
204185,-1
135358,2
265254,1
426503,0
226392,1
829793,1
822833,1
613321,1
789678,1
167452,2
134392,1
761645,-1
265477,0
456308,-1
928781,0
488311,2
637257,1
398134,-1
291255,0
636686,0
691251,2
717856,1
921344,1
16525,1
738565,0
114799,1
64363,0
349755,0
709627,0
896596,0
126674,2
20322,2
344127,-1
380343,1
431495,2
666836,1
979256,1
522596,1
922437,2
936407,2
177547,0
854940,2
219086,0
285478,0
376394,1
278668,2
803944,1
919590,1
671551,1
944137,1
794925,0
756835,1
485914,1
60176,1
45335,2
155423,2
777221,1
302729,1
270476,2
564907,0
868071,0
511137,-1
765166,0
686589,1
179460,0
979548,2
161158,0
122086,1
242717,0
820265,0
301262,2
548778,0
50847,0
816109,1
529955,2
223003,1
306003,-1
670436,0
927913,1
797806,1
518697,1
320211,1
312148,2
703919,1
951694,1
78201,1
178353,1
856674,1
88796,2
763171,1
961797,-1
331941,2
61059,-1
228395,0
906839,1
796076,-1
550181,1
584668,0
858574,2
397634,1
774584,1
376780,1
571842,1
598952,0
251053,1
156160,-1
209792,0
623700,1
386349,1
975607,1
710461,1
414286,0
504386,2
615210,0
686504,0
201360,1
477876,2
857523,2
65576,0
311290,0
354703,2
713717,0
3484,1
333986,1
433077,-1
987845,0
487343,0
389631,2
349078,2
110116,2
853938,2
280471,2
528472,1
148108,1
344553,1
916759,1
259516,1
961234,1
423634,0
857805,2
397365,2
857555,1
989563,2
288858,1
29623,1
296324,2
195452,0
89006,-1
685999,0
953360,1
398016,2
23380,1
858247,1
251406,1
892567,1
544308,1
736038,1
788588,2
422746,2
839256,2
151320,0
306785,2
847300,-1
992698,0
659398,0
147593,2
145217,0
223963,1
810561,1
291291,1
703836,0
211575,2
238579,1
210624,-1
819555,0
558154,1
592357,1
276482,1
673932,0
995721,1
592147,0
773618,1
684165,2
350641,0
87764,0
272814,1
435767,0
62657,-1
296443,0
263147,1
671827,0
928178,1
467586,1
755440,1
254496,-1
460932,1
147670,1
569718,1
643831,1
886969,1
232075,1
109532,-1
468568,1
4936,0
203154,2
27673,1
129667,1
98126,1
279960,-1
417611,-1
179502,1
649846,0
972392,-1
690263,1
844854,0
64801,1
725765,-1
500151,1
137665,-1
327170,1
737240,2
835581,1
975161,1
76414,1
957883,2
946476,0
933294,1
854047,0
117233,1
270551,1
65083,-1
202684,2
64863,2
390621,2
149562,1
292543,2
263451,2
40122,0
573893,1
774671,2
879851,0
86848,-1
397160,1
475194,1
637080,2
740039,2
925132,1
629995,1
687834,1
869772,1
762016,1
926397,1
647788,2
562390,1
535086,1
424682,1
877815,2
696873,-1
475889,1
31358,2
378750,1
444206,1
608581,1
728954,1
957113,-1
801794,1
518225,2
358103,1
680249,1
330131,2
639079,0
568837,1
674514,0
408712,1
751683,1
83788,2
870105,0
506017,0
990787,1
249793,1
500428,1
474046,0
285709,1
738823,0
713163,0
254402,1
784922,2
172957,1
152465,-1
808051,1
485595,-1
907857,2
976351,0
890487,0
22342,-1
793794,2
397069,1
696234,1
446222,-1
421398,0
133429,1
906252,2
414092,2
921186,2
73317,1
750866,1
404488,1
217262,2
82084,-1
178765,-1
856902,1
128311,0
28674,0
622104,0
530054,1
381560,0
98355,0
740344,1
138808,2
170089,-1
226215,1
423833,1
369913,0
95896,2
97840,1
89084,0
239009,-1
366412,2
851148,1
474593,1
633845,1
51545,1
278633,-1
39361,0
221510,2
66321,0
66661,1
613615,1
942704,1
15587,1
353103,2
271735,0
159461,0
807877,-1
934854,2
409387,1
203644,1
635192,1
772176,1
227248,0
319106,1
128668,2
731220,2
311826,1
808440,1
615105,1
723926,-1
582734,2
520223,2
858352,2
606234,2
276096,1
254986,1
381775,0
592526,1
230347,1
61228,1
819339,1
995982,0
727863,-1
186751,2
964719,0
125624,1
344973,0
949789,1
599330,2
265518,1
298147,1
226325,2
239874,0
301650,2
157290,1
345248,1
137668,1
387140,1
393316,2
940665,-1
206952,2
541428,0
886796,-1
546374,2
922849,1
857364,-1
528773,1
348027,2
534413,2
447525,1
607037,2
136714,2
698954,0
496231,0
112559,1
746719,1
56423,1
111610,0
59106,2
324423,2
903495,1
522578,1
330418,1
170036,-1
811734,1
336133,-1
61446,1
286684,2
86718,2
378434,-1
95056,1
157217,0
678843,2
131307,1
531053,2
947694,1
759959,0
976235,0
772212,2
869188,2
7256,0
910026,1
970748,1
960297,1
487259,1
2648,1
93493,2
320569,-1
435902,0
24812,0
709950,1
191870,-1
544288,1
599634,1
948396,1
628855,-1
219705,1
76369,2
209707,0
529193,1
488505,-1
649995,1
328227,2
734220,1
569724,0
617157,1
835618,2
497694,1
6641,1
791125,2
479666,1
232716,0
786460,1
492966,1
885363,2
346906,0
295934,-1
650486,2
958263,1
939823,1
69802,0
264749,1
744004,1
903111,1
464048,0
353129,0
781817,2
105244,1
899313,2
421940,0
651955,-1
966826,2
277192,0
557101,1
16077,2
788753,1
636671,2
209113,1
17873,0
263873,1
818047,2
274518,1
137245,1
210901,2
452172,-1
814366,0
212158,2
90901,1
143454,-1
761556,1
505773,1
601972,1
74231,0
815985,2
481732,2
627871,1
594469,0
350756,-1
269893,1
6511,1
436306,2
780075,1
143536,0
635339,1
904919,1
775083,2
201705,1
71322,1
718755,-1
355397,-1
7480,1
676361,-1
27930,1
689435,-1
6365,2
117872,1
303319,1
758069,-1
519052,2
173245,0
906749,0
9631,1
186664,1
818801,1
610128,-1
200984,1
946451,-1
588728,1
132012,-1
746803,2
684358,1
180750,0
997932,1
291282,0
865532,-1
937154,-1
272540,2
28014,0
54105,0
677318,1
142298,1
546152,-1
131990,1
930247,-1
405814,1
849259,2
970178,1
775969,0
251906,1
209894,2
82633,-1
216329,1
147245,1
375068,1
432029,1
681008,1
985356,2
83642,1
924379,2
474657,1
966145,1
943890,1
226367,1
60192,1
893971,0
418543,0
13358,1
520619,1
321598,0
741056,1
936461,2
143146,-1
535965,0
281202,1
165837,0
613580,1
446237,1
897909,1
35072,2
334267,0
150295,0
414005,1
691449,-1
586333,2
805955,1
994946,1
535234,-1
990339,1
245539,-1
142285,1
471258,0
181421,0
804056,1
250453,2
422794,-1
896160,1
493299,-1
579107,1
853420,1
661565,2
373413,0
962094,1
41812,2
504594,1
507593,0
210061,2
287454,1
536194,0
814693,0
400723,2
397613,1
609991,1
343360,1
519580,1
631971,1
468411,-1
239916,-1
937873,1
562422,0
422498,2
88056,0
370179,1
729780,1
758644,2
965567,1
327049,2
973414,1
109041,1
457236,-1
703005,1
666461,2
200379,1
800041,0
645036,1
888342,-1
308411,1
896890,2
346042,0
211349,1
719119,2
599794,0
710238,1
654615,1
744157,2
68991,0
62494,2
119981,-1
858023,0
470649,1
824428,1
499614,0
382254,1
927245,1
63744,1
175662,1
808354,0
859015,2
22385,2
245056,1
237976,2
884803,0
107153,2
467496,0
935108,0
835385,-1
345228,0
656751,0
64369,1
822812,1
893774,1
300949,2
368266,1
762993,1
364409,1
165076,2
845006,2
482039,-1
934736,1
964388,1
57305,0
955294,0
64942,-1
339722,2
804326,2
196186,0
945210,1
910005,1
256047,2
684487,-1
596984,0
100902,-1
555448,2
972459,1
925684,-1
331377,1
326789,0
649869,0
447927,2
162757,2
121988,0
876900,2
428436,1
980099,0
469400,2
69303,2
901450,1
469091,2
107745,-1
759608,1
105104,1
937094,-1
505536,1
166852,1
955751,2
297133,1
840457,1
246498,0
453796,-1
752359,2
680137,-1
651615,0
34294,2
566577,2
546774,2
672130,2
180963,1
894127,-1
818501,1
57049,0
480533,1
249370,0
175803,0
390055,0
797992,2
720945,1
538702,0
526631,-1
233659,-1
288602,0
810965,-1
111100,1
528758,2
564829,2
538223,2
39918,1
128542,1
110687,1
198596,0
64585,1
586728,2
223741,1
753397,2
290174,1
542214,2
372837,2
288012,1
94780,1
964126,2
869801,2
366133,1
702070,2
407850,0
681790,0
528548,1
830318,1
720943,2
355391,2
910133,0
644426,0
892393,0
147139,0
242092,1
337513,-1
442543,1
331242,1
697685,1
238142,2
639271,1
390876,2
892822,-1
368716,1
391611,0
26366,1
830437,1
213126,0
421994,1
585939,0
475433,-1
481193,1
388001,1
721285,2
395050,0
577469,0
211607,2
574907,2
805807,0
661405,-1
767832,1
851400,1
726350,0
826614,0
821952,0
468095,-1
225454,0
937705,1
346504,2
372790,1
715616,2
281080,1
361431,1
434867,-1
425309,1
698813,1
615023,1
641,1
937551,1
133842,2
252814,-1
575434,2
242013,-1
206664,-1
399851,0
104630,-1
237325,2
814076,2
438092,1
902087,2
845881,1
93753,2
746802,1
545644,2
494858,-1
744232,0
518375,1
673188,-1
650394,1
579240,1
283548,0
964677,1
733088,0
795451,1
189822,1
554376,1
83587,0
77193,2
802848,2
258627,1
665792,1
322201,0
23535,-1
630135,0
848949,1
802178,1
203862,1
239658,2
456223,0
586979,2
474632,1
651329,1
889489,2
725388,2
477844,2
376894,1
402248,-1
310164,1
130849,1
374093,1
481749,1
463808,0
288000,1
845217,0
757316,0
262230,1
167856,-1
215975,1
182510,2
396184,0
449083,1
627919,1
944107,1
314291,2
907344,1
380697,1
374602,1
568728,1
32358,2
358751,0
601169,2
563515,2
825374,0
401164,-1
269512,2
736903,1
665185,2
703493,1
649176,2
89747,1
801434,0
750936,2
62996,2
197941,-1
931726,1
999411,1
166179,2
415347,1
703334,0
535633,2
848046,0
26885,2
656503,2
876235,2
253058,2
335901,1
486930,1
519709,1
751553,1
15916,-1
876083,2
549489,-1
484787,-1
339205,1
293922,1
716370,1
121979,1
355364,-1
652890,1
736209,0
506571,-1
874194,0
24852,2
960566,0
932863,1
329246,-1
339552,1
175017,1
605037,1
910328,2
379922,1
620027,1
798220,1
378654,1
90310,1
660044,1
143190,1
350310,1
743542,1
66186,1
772331,1
205514,2
743938,1
534691,0
52110,0
179889,0
921175,1
516392,2
967962,2
8838,1
192236,2
212983,0
203985,2
710768,1
524220,-1
750797,1
964888,1
969489,1
178619,1
704138,1
132174,1
46263,0
817449,1
870810,2
233755,0
609080,0
981674,-1
417942,1
992917,1
84796,-1
346872,1
631393,1
340881,1
216823,1
182348,-1
567946,0
141268,1
684612,2
687469,0
702863,-1
286035,1
284067,1
458157,1
834117,1
255010,2
797499,2
646377,1
940776,1
195519,0
993798,1
364112,1
197836,1
245546,0
365759,-1
896324,2
351010,-1
502504,2
332354,2
484950,2
37265,2
202025,-1
886374,-1
180486,2
687405,-1
298447,-1
9338,1
982971,1
328782,2
208788,0
477780,0
941588,-1
576611,0
947570,-1
997910,1
74986,2
496365,0
502482,2
961810,-1
94242,1
183339,0
780613,-1
658499,1
144485,1
485804,1
265961,1
974437,1
430035,1
906357,1
327332,0
460921,1
493471,-1
16241,-1
58712,1
816270,2
910551,1
771337,0
573204,1
367907,0
372518,0
639437,1
474666,1
648482,2
143860,2
114275,2
358451,1
576988,0
346022,1
533375,2
887942,0
643526,1
435200,1
73621,-1
430733,1
187712,2
216777,-1
236330,1
615817,2
279661,2
515797,1
846929,-1
927705,1
337882,0
651214,1
751056,-1
248125,2
659759,1
44797,-1
798117,2
638313,-1
204555,0
540417,1
352057,-1
799088,1
934720,-1
529609,1
358662,-1
704245,1
932974,2
531048,1
71743,1
767345,-1
530839,-1
815047,0
128752,-1
39654,1
132905,1
116459,0
165532,1
502758,1
284295,0
29769,1
818671,1
201465,2
663088,1
184683,2
281280,1
496917,0
229445,2
906993,0
734003,1
970888,1
75892,0
829171,-1
487955,2
127968,1
274632,-1
731069,2
221632,1
769168,1
641285,1
454883,1
821566,0
314629,-1
82988,0
696785,1
797805,0
525201,2
599152,0
466357,1
191679,1
777617,1
3581,0
176471,1
188510,1
852019,2
687573,1
1499,1
687976,1
815050,1
670948,1
321255,1
683149,2
157906,0
723426,-1
977979,1
693058,1
917095,2
197950,1
812383,0
122505,1
913830,0
286098,1
76092,0
544534,2
370160,0
527515,1
617472,2
177127,2
173098,1
328325,-1
443275,1
662169,2
745784,1
877890,1
129486,0
57431,2
184494,2
653677,1
77414,0
766841,1
340443,2
331063,1
560136,1
791454,1
804182,2
996054,1
997577,1
678955,1
146227,0
299148,0
964213,2
703910,1
651805,2
360112,2
554929,0
460850,2
266567,1
988459,0
54960,2
262128,1
390911,0
663234,0
207607,1
166012,2
215025,1
819232,1
738464,1
152114,2
812759,-1
249602,2
802862,0
713304,1
577367,-1
491349,1
652650,-1
967930,1
900531,-1
869994,-1
677812,1
576783,1
401607,2
935016,1
743175,-1
966359,1
208243,0
332009,1
486157,1
343615,1
462164,1
407405,-1
931719,1
642445,0
940529,0
693850,-1
846956,2
999669,1
256463,1
37534,1
930321,0
495749,0
363368,1
482774,2
968706,1
984473,1
537348,1
511380,-1
74611,-1
714843,1
83398,0
953071,2
644182,0
636836,-1
591233,2
479785,2
366080,0
86880,1
285987,1
560727,-1
248082,0
53406,1
152769,1
953075,-1
798231,0
596716,2
496433,2
68652,1
415102,2
247580,0
739680,0
467608,1
120848,2
799462,2
580292,-1
943835,1
990402,2
955360,2
947963,2
784748,0
502914,2
365296,2
158992,1
471246,1
345671,2
687199,0
321723,1
174439,1
442391,1
750827,2
171801,1
165677,2
563428,2
464821,1
116432,1
204331,-1
644706,0
305351,1
731500,0
17208,0
19337,0
8755,1
133797,1
255140,2
627021,2
914045,1
763365,2
655183,1
773911,0
411123,-1
125139,1
647348,1
335490,1
660005,2
612647,0
53118,2
402290,-1
954816,0
285572,2
682172,2
229711,2
17840,1
959088,-1
638708,2
940588,1
288271,-1
961513,2
46205,1
27319,1
634943,2
895714,0
875167,1
78329,2
867455,0
470892,0
